-- phpMyAdmin SQL Dump
-- version 4.8.5
-- https://www.phpmyadmin.net/
--
-- Host: 127.0.0.1:3306
-- Tempo de geração: 22/05/2019 às 22:44
-- Versão do servidor: 10.2.23-MariaDB
-- Versão do PHP: 7.2.17

SET SQL_MODE = "NO_AUTO_VALUE_ON_ZERO";
SET AUTOCOMMIT = 0;
START TRANSACTION;
SET time_zone = "+00:00";


/*!40101 SET @OLD_CHARACTER_SET_CLIENT=@@CHARACTER_SET_CLIENT */;
/*!40101 SET @OLD_CHARACTER_SET_RESULTS=@@CHARACTER_SET_RESULTS */;
/*!40101 SET @OLD_COLLATION_CONNECTION=@@COLLATION_CONNECTION */;
/*!40101 SET NAMES utf8mb4 */;

--
-- Banco de dados: `u672842222_food`
--
CREATE DATABASE IF NOT EXISTS `u672842222_food` DEFAULT CHARACTER SET utf8 COLLATE utf8_general_ci;
USE `u672842222_food`;

-- --------------------------------------------------------

--
-- Estrutura para tabela `tbBoards`
--

DROP TABLE IF EXISTS `tbBoards`;
CREATE TABLE `tbBoards` (
  `idBoard` int(11) NOT NULL,
  `idCompany` int(11) NOT NULL,
  `vlBoard` text NOT NULL,
  `qtPlaces` int(11) NOT NULL,
  `isActive` tinyint(4) NOT NULL DEFAULT 1,
  `dtRegister` datetime NOT NULL DEFAULT current_timestamp(),
  `isDeleted` tinyint(4) NOT NULL DEFAULT 0
) ENGINE=InnoDB DEFAULT CHARSET=utf8;

--
-- Despejando dados para a tabela `tbBoards`
--

INSERT INTO `tbBoards` (`idBoard`, `idCompany`, `vlBoard`, `qtPlaces`, `isActive`, `dtRegister`, `isDeleted`) VALUES
(1, 1, '1', 4, 1, '2019-04-13 14:55:22', 0),
(2, 1, '', 0, 1, '2019-04-20 10:42:42', 1),
(3, 1, '2', 4, 1, '2019-04-20 22:01:02', 0),
(4, 1, '', 0, 1, '2019-04-23 01:02:18', 1),
(5, 1, '4', 4, 1, '2019-05-02 10:06:04', 0);

-- --------------------------------------------------------

--
-- Estrutura para tabela `tbCompanies`
--

DROP TABLE IF EXISTS `tbCompanies`;
CREATE TABLE `tbCompanies` (
  `idCompany` int(11) NOT NULL,
  `desName` varchar(60) NOT NULL,
  `desCNPJ` varchar(15) NOT NULL,
  `desChannel` varchar(45) NOT NULL,
  `isActive` tinyint(4) NOT NULL DEFAULT 1,
  `dtRegister` datetime NOT NULL DEFAULT current_timestamp(),
  `isDeleted` tinyint(4) NOT NULL DEFAULT 0
) ENGINE=InnoDB DEFAULT CHARSET=utf8;

--
-- Despejando dados para a tabela `tbCompanies`
--

INSERT INTO `tbCompanies` (`idCompany`, `desName`, `desCNPJ`, `desChannel`, `isActive`, `dtRegister`, `isDeleted`) VALUES
(1, 'Whoollie Services - ME', '147258369147259', 'whoollie', 1, '2019-04-01 21:43:30', 0);

-- --------------------------------------------------------

--
-- Estrutura para tabela `tbDepartments`
--

DROP TABLE IF EXISTS `tbDepartments`;
CREATE TABLE `tbDepartments` (
  `idDepartment` int(11) NOT NULL,
  `idCompany` int(11) NOT NULL,
  `desName` varchar(45) NOT NULL,
  `dtRegister` datetime NOT NULL DEFAULT current_timestamp(),
  `isDeleted` tinyint(4) NOT NULL DEFAULT 0,
  `isActive` tinyint(4) NOT NULL DEFAULT 0
) ENGINE=InnoDB DEFAULT CHARSET=utf8;

--
-- Despejando dados para a tabela `tbDepartments`
--

INSERT INTO `tbDepartments` (`idDepartment`, `idCompany`, `desName`, `dtRegister`, `isDeleted`, `isActive`) VALUES
(1, 1, 'TI', '2019-04-01 21:43:39', 0, 1),
(2, 1, 'Gerência', '2019-05-01 13:52:23', 0, 1),
(3, 1, 'Cozinha', '2019-05-02 17:42:56', 0, 1);

-- --------------------------------------------------------

--
-- Estrutura para tabela `tbDevices`
--

DROP TABLE IF EXISTS `tbDevices`;
CREATE TABLE `tbDevices` (
  `idDevice` int(11) NOT NULL,
  `idCompany` int(11) NOT NULL,
  `idBoard` int(11) NOT NULL,
  `desName` text NOT NULL,
  `desLogin` text NOT NULL,
  `desPassword` text NOT NULL,
  `isActive` tinyint(4) NOT NULL DEFAULT 1,
  `dtRegister` datetime NOT NULL DEFAULT current_timestamp(),
  `isDeleted` tinyint(4) NOT NULL DEFAULT 0
) ENGINE=InnoDB DEFAULT CHARSET=utf8;

--
-- Despejando dados para a tabela `tbDevices`
--

INSERT INTO `tbDevices` (`idDevice`, `idCompany`, `idBoard`, `desName`, `desLogin`, `desPassword`, `isActive`, `dtRegister`, `isDeleted`) VALUES
(1, 1, 3, 'Ipad - 01', 'ipad01', '40bd001563085fc35165329ea1ff5c5ecbdbbeef', 1, '2019-04-24 22:03:43', 0),
(2, 1, 3, 'Ipad - 02', 'ipad02', 'da39a3ee5e6b4b0d3255bfef95601890afd80709', 1, '2019-04-27 16:08:03', 0),
(3, 1, 1, 'Ipad - 03', 'ipad03', '40bd001563085fc35165329ea1ff5c5ecbdbbeef', 0, '2019-04-29 15:59:02', 0),
(4, 1, 3, 'vibek6', 'vibek6', '40bd001563085fc35165329ea1ff5c5ecbdbbeef', 1, '2019-04-30 02:26:32', 1),
(5, 1, 5, 'iPad - 04', 'ipad04', '40bd001563085fc35165329ea1ff5c5ecbdbbeef', 1, '2019-05-02 10:08:06', 0);

-- --------------------------------------------------------

--
-- Estrutura para tabela `tbEmployees`
--

DROP TABLE IF EXISTS `tbEmployees`;
CREATE TABLE `tbEmployees` (
  `idEmployee` int(11) NOT NULL,
  `idCompany` int(11) NOT NULL,
  `idDepartment` int(11) NOT NULL,
  `idUser` int(11) DEFAULT NULL,
  `desName` varchar(100) NOT NULL,
  `desCPF` varchar(11) NOT NULL,
  `dtBirth` date NOT NULL,
  `isActive` tinyint(4) NOT NULL DEFAULT 1,
  `dtRegister` datetime NOT NULL DEFAULT current_timestamp(),
  `isDeleted` tinyint(4) NOT NULL DEFAULT 0
) ENGINE=InnoDB DEFAULT CHARSET=utf8;

--
-- Despejando dados para a tabela `tbEmployees`
--

INSERT INTO `tbEmployees` (`idEmployee`, `idCompany`, `idDepartment`, `idUser`, `desName`, `desCPF`, `dtBirth`, `isActive`, `dtRegister`, `isDeleted`) VALUES
(1, 1, 2, 1, 'ADMINISTRADOR', '47169948800', '1999-03-01', 1, '2019-04-01 21:43:56', 0),
(10, 1, 3, 18, 'MARIA', '44694640827', '1996-12-05', 1, '2019-04-04 13:57:00', 0),
(11, 1, 1, 19, 'Neli', '34567890', '4567-03-12', 0, '2019-04-04 17:35:09', 1),
(12, 1, 1, 20, 'dsdasd', '342423', '1233-03-12', 1, '2019-04-04 20:45:25', 1),
(13, 1, 1, 21, 'Funcionario', '45678', '6777-05-04', 1, '2019-04-05 11:32:53', 1),
(16, 1, 1, 24, 'fxgfcg64654646465464564', '23123123', '1222-12-12', 0, '2019-04-06 08:27:52', 1),
(17, 1, 1, 25, 'Everaldo', '1234567', '4555-03-12', 1, '2019-04-06 09:02:46', 1),
(18, 1, 1, 26, 'czxcklj', '12345', '5666-04-23', 1, '2019-04-10 20:47:51', 1),
(19, 1, 1, 27, 'Marlon Englemam', '03979255589', '1996-02-11', 1, '2019-04-18 02:51:58', 1),
(20, 1, 1, 28, 'Marlonin', '7868767', '3333-03-31', 1, '2019-04-26 23:59:37', 1),
(21, 1, 1, 29, 'teste', '66778789', '0079-08-07', 1, '2019-05-02 17:41:11', 1),
(22, 1, 1, 30, 'Matai Luiz', '6666666666', '1966-06-06', 1, '2019-05-06 22:38:56', 0);

-- --------------------------------------------------------

--
-- Estrutura para tabela `tbIngredients`
--

DROP TABLE IF EXISTS `tbIngredients`;
CREATE TABLE `tbIngredients` (
  `idIngredient` int(11) NOT NULL,
  `idCompany` int(11) NOT NULL,
  `idMeasurement` int(11) NOT NULL,
  `desName` varchar(80) NOT NULL,
  `isActive` tinyint(4) NOT NULL DEFAULT 1,
  `dtRegister` datetime NOT NULL DEFAULT current_timestamp(),
  `isDeleted` tinyint(4) NOT NULL DEFAULT 0
) ENGINE=InnoDB DEFAULT CHARSET=utf8;

--
-- Despejando dados para a tabela `tbIngredients`
--

INSERT INTO `tbIngredients` (`idIngredient`, `idCompany`, `idMeasurement`, `desName`, `isActive`, `dtRegister`, `isDeleted`) VALUES
(6, 1, 2, 'Farinha', 1, '2019-04-27 17:43:46', 0),
(7, 1, 4, 'Leite', 1, '2019-04-27 17:43:55', 0),
(8, 1, 7, 'Teste', 1, '2019-05-16 23:48:19', 1),
(9, 1, 7, 'Teste', 1, '2019-05-16 23:51:33', 1),
(10, 1, 7, 'Teste', 1, '2019-05-16 23:55:30', 1),
(11, 1, 7, 'Teste', 1, '2019-05-16 23:57:15', 1),
(12, 1, 2, 'Bacon', 1, '2019-05-18 12:52:42', 0),
(13, 1, 1, 'Alface', 1, '2019-05-18 12:52:51', 0);

-- --------------------------------------------------------

--
-- Estrutura para tabela `tbIngredientsProducts`
--

DROP TABLE IF EXISTS `tbIngredientsProducts`;
CREATE TABLE `tbIngredientsProducts` (
  `idIngredientProduct` int(11) NOT NULL,
  `idProduct` int(11) NOT NULL,
  `idIngredient` int(11) NOT NULL,
  `qtIngredient` int(11) NOT NULL DEFAULT 1
) ENGINE=InnoDB DEFAULT CHARSET=utf8;

--
-- Despejando dados para a tabela `tbIngredientsProducts`
--

INSERT INTO `tbIngredientsProducts` (`idIngredientProduct`, `idProduct`, `idIngredient`, `qtIngredient`) VALUES
(3, 57, 6, 50),
(5, 31, 7, 3),
(6, 40, 7, 2),
(7, 55, 12, 250),
(8, 55, 13, 2);

-- --------------------------------------------------------

--
-- Estrutura para tabela `tbMeasurements`
--

DROP TABLE IF EXISTS `tbMeasurements`;
CREATE TABLE `tbMeasurements` (
  `idMeasurement` int(11) NOT NULL,
  `desName` varchar(20) NOT NULL,
  `desShort` varchar(5) NOT NULL
) ENGINE=InnoDB DEFAULT CHARSET=utf8;

--
-- Despejando dados para a tabela `tbMeasurements`
--

INSERT INTO `tbMeasurements` (`idMeasurement`, `desName`, `desShort`) VALUES
(1, 'Unidade', 'un'),
(2, 'Grama', 'gr'),
(3, 'Kilograma', 'kg'),
(4, 'Litro', 'lt'),
(5, 'Mililitro', 'mlt'),
(6, 'Copo', 'cp'),
(7, 'Colher', 'cl'),
(8, 'Xícara', 'xc');

-- --------------------------------------------------------

--
-- Estrutura para tabela `tbOrders`
--

DROP TABLE IF EXISTS `tbOrders`;
CREATE TABLE `tbOrders` (
  `idOrder` int(11) NOT NULL,
  `idCompany` int(11) NOT NULL,
  `idDevice` int(11) NOT NULL,
  `idBoard` int(11) NOT NULL,
  `desName` varchar(50) NOT NULL,
  `vlDiscount` decimal(3,1) DEFAULT 0.0,
  `vlStatus` int(11) DEFAULT 0,
  `dtRegister` datetime NOT NULL DEFAULT current_timestamp(),
  `isDeleted` tinyint(4) NOT NULL DEFAULT 0
) ENGINE=InnoDB DEFAULT CHARSET=utf8;

--
-- Despejando dados para a tabela `tbOrders`
--

INSERT INTO `tbOrders` (`idOrder`, `idCompany`, `idDevice`, `idBoard`, `desName`, `vlDiscount`, `vlStatus`, `dtRegister`, `isDeleted`) VALUES
(1, 1, 2, 1, 'Marlon', '0.0', 1, '2019-04-23 00:39:40', 0),
(2, 1, 2, 1, 'Marlon', '0.0', 1, '2019-04-23 00:44:32', 0),
(3, 1, 2, 1, 'Marlon', '0.0', 1, '2019-04-23 00:54:26', 0),
(4, 1, 2, 1, 'Marlon', '0.0', 1, '2019-04-23 01:03:10', 0),
(5, 1, 2, 1, 'Marlon', '0.0', 1, '2019-04-23 04:04:07', 0),
(6, 1, 2, 1, 'Marlon', '0.0', 1, '2019-04-23 04:16:13', 0),
(7, 1, 2, 1, 'Marlon', '0.0', 1, '2019-04-23 04:28:07', 0),
(8, 1, 2, 1, 'Marlon', '0.0', 1, '2019-04-23 04:45:11', 0),
(9, 1, 2, 1, 'Marlon', '0.0', 1, '2019-04-23 04:52:28', 0),
(10, 1, 2, 1, 'Marlon', '0.0', 1, '2019-04-23 12:03:32', 0),
(11, 1, 2, 1, 'Marlon', '0.0', 1, '2019-04-23 12:05:29', 0),
(12, 1, 2, 1, 'Marlon', '0.0', 1, '2019-04-23 12:30:03', 0),
(13, 1, 2, 1, 'Marlon', '0.0', 1, '2019-04-23 13:14:07', 0),
(14, 1, 2, 1, 'Marlon', '0.0', 1, '2019-04-23 14:11:04', 0),
(15, 1, 2, 1, 'Marlon', '0.0', 1, '2019-04-23 15:53:39', 0),
(16, 1, 4, 1, 'teste', '0.0', 1, '2019-04-23 16:31:46', 0),
(17, 1, 4, 1, 'TESTE', '0.0', 1, '2019-04-23 17:41:20', 0),
(18, 1, 2, 1, 'Marlon', '0.0', 1, '2019-04-23 22:04:08', 0),
(19, 1, 2, 1, 'Marlon', '0.0', 1, '2019-04-23 22:24:08', 0),
(20, 1, 2, 1, 'Marlon', '0.0', 1, '2019-04-23 22:28:59', 0),
(21, 1, 2, 1, 'Marlon', '0.0', 1, '2019-04-23 22:29:53', 0),
(22, 1, 2, 1, 'Marlon', '0.0', 1, '2019-04-23 22:36:38', 0),
(23, 1, 2, 1, 'Marlon', '0.0', 1, '2019-04-23 22:39:03', 0),
(24, 1, 2, 1, 'Marlon', '0.0', 1, '2019-04-23 22:41:05', 0),
(25, 1, 2, 1, 'Marlon', '0.0', 1, '2019-04-23 22:46:37', 0),
(26, 1, 2, 1, 'Marlon', '0.0', 1, '2019-04-23 22:51:20', 0),
(27, 1, 6, 1, 'Marlon', '0.0', 1, '2019-04-23 22:52:10', 0),
(28, 1, 2, 1, 'Marlon', '0.0', 1, '2019-04-23 22:55:35', 0),
(29, 1, 6, 1, 'Marlon', '0.0', 1, '2019-04-23 23:21:17', 0),
(30, 1, 2, 1, 'Marlon', '0.0', 1, '2019-04-23 23:21:46', 0),
(31, 1, 2, 1, 'Marlon', '0.0', 1, '2019-04-23 23:34:21', 0),
(32, 1, 2, 1, 'Marlon', '0.0', 1, '2019-04-23 23:37:32', 0),
(33, 1, 2, 1, 'Marlon', '0.0', 1, '2019-04-23 23:38:23', 0),
(34, 1, 2, 1, 'Marlon', '0.0', 1, '2019-04-23 23:41:42', 0),
(35, 1, 2, 1, 'Marlon', '0.0', 1, '2019-04-23 23:51:05', 0),
(36, 1, 2, 1, 'Marlon', '0.0', 1, '2019-04-23 23:55:53', 0),
(37, 1, 2, 1, 'Marlon', '0.0', 1, '2019-04-24 00:03:30', 0),
(38, 1, 2, 1, 'Marlon', '0.0', 1, '2019-04-24 00:05:16', 0),
(39, 1, 2, 1, 'Marlon', '0.0', 1, '2019-04-24 00:07:17', 0),
(40, 1, 2, 1, 'Marlon', '0.0', 1, '2019-04-24 00:42:36', 0),
(41, 1, 6, 1, 'Marlon', '0.0', 1, '2019-04-24 01:15:50', 0),
(42, 1, 6, 1, 'Marlon', '0.0', 1, '2019-04-24 01:15:51', 0),
(43, 1, 6, 1, 'Marlon', '0.0', 1, '2019-04-24 02:06:59', 0),
(44, 1, 6, 1, 'Marlon', '0.0', 1, '2019-04-24 02:30:28', 0),
(45, 1, 2, 1, 'Marlon', '0.0', 1, '2019-04-24 03:28:07', 0),
(46, 1, 2, 1, 'Marlon', '0.0', 1, '2019-04-24 03:40:01', 0),
(47, 1, 2, 1, 'Marlon', '0.0', 1, '2019-04-24 03:43:37', 0),
(48, 1, 2, 1, 'Marlon', '0.0', 1, '2019-04-24 04:03:25', 0),
(49, 1, 2, 1, 'Marlon', '0.0', 1, '2019-04-24 04:04:24', 0),
(50, 1, 2, 1, 'Marlon', '0.0', 1, '2019-04-24 04:07:35', 0),
(51, 1, 2, 1, 'Marlon', '0.0', 1, '2019-04-24 04:08:32', 0),
(52, 1, 2, 1, 'Marlon', '0.0', 1, '2019-04-24 04:11:39', 0),
(53, 1, 2, 1, 'Marlon', '0.0', 1, '2019-04-24 04:16:12', 0),
(54, 1, 2, 1, 'Marlon', '0.0', 1, '2019-04-24 04:19:16', 0),
(55, 1, 2, 1, 'Marlon', '0.0', 1, '2019-04-24 04:35:38', 0),
(56, 1, 2, 1, 'Marlon', '0.0', 1, '2019-04-24 04:41:42', 0),
(57, 1, 2, 1, 'Marlon', '0.0', 1, '2019-04-24 04:46:02', 0),
(58, 1, 6, 1, 'Marlon', '0.0', 1, '2019-04-24 10:07:53', 0),
(59, 1, 2, 1, 'Marlon', '0.0', 1, '2019-04-24 11:39:50', 0),
(60, 1, 6, 1, 'Marlon', '0.0', 1, '2019-04-24 12:08:37', 0),
(61, 1, 6, 1, 'Marlon', '0.0', 1, '2019-04-24 12:27:34', 0),
(62, 1, 6, 1, 'Marlon', '0.0', 1, '2019-04-24 13:52:41', 0),
(63, 1, 6, 1, 'Marlon', '0.0', 1, '2019-04-24 14:25:59', 0),
(64, 1, 2, 1, 'Marlon', '0.0', 1, '2019-04-24 16:04:03', 0),
(65, 1, 6, 1, 'Marlon', '0.0', 1, '2019-04-24 18:47:28', 0),
(66, 1, 6, 1, 'Marlon', '0.0', 1, '2019-04-24 18:47:29', 0),
(67, 1, 6, 1, 'Marlon', '0.0', 1, '2019-04-24 21:01:26', 0),
(68, 1, 2, 1, 'Marlon', '0.0', 1, '2019-04-24 21:48:21', 0),
(69, 1, 6, 1, 'Marlon', '0.0', 1, '2019-04-24 21:54:04', 0),
(70, 1, 1, 1, 'Marlon', '0.0', 1, '2019-04-25 11:59:45', 0),
(71, 1, 1, 1, 'Marlon', '0.0', 1, '2019-04-25 12:01:34', 0),
(72, 1, 1, 1, 'Marlon', '0.0', 1, '2019-04-25 12:33:19', 0),
(73, 1, 1, 1, 'Marlon', '0.0', 1, '2019-04-25 16:39:01', 0),
(74, 1, 1, 1, 'Marlon', '0.0', 1, '2019-04-25 16:39:45', 0),
(75, 1, 1, 1, 'Marlon', '0.0', 1, '2019-04-25 16:42:13', 0),
(76, 1, 1, 1, 'Marlon', '0.0', 1, '2019-04-25 16:46:13', 0),
(77, 1, 1, 1, 'Marlon', '0.0', 1, '2019-04-25 17:32:25', 0),
(78, 1, 1, 1, 'Marlon', '0.0', 1, '2019-04-25 17:58:59', 0),
(79, 1, 1, 1, 'Marlon', '0.0', 1, '2019-04-25 19:13:49', 0),
(80, 1, 1, 1, 'Marlon', '0.0', 1, '2019-04-25 21:36:15', 0),
(81, 1, 1, 1, 'Marlon', '0.0', 1, '2019-04-25 21:55:01', 0),
(82, 1, 1, 1, 'Marlon', '0.0', 1, '2019-04-25 22:15:10', 0),
(83, 1, 1, 1, 'Marlon', '0.0', 1, '2019-04-25 23:08:24', 0),
(84, 1, 1, 1, 'Marlon', '0.0', 1, '2019-04-25 23:28:46', 0),
(85, 1, 1, 1, 'Marlon', '0.0', 1, '2019-04-25 23:34:00', 0),
(86, 1, 1, 1, 'Marlon', '0.0', 1, '2019-04-25 23:50:02', 0),
(87, 1, 1, 1, 'Marlon', '0.0', 1, '2019-04-26 00:04:56', 0),
(88, 1, 1, 1, 'Marlon', '0.0', 1, '2019-04-26 01:36:39', 0),
(89, 1, 1, 1, 'Marlon', '0.0', 1, '2019-04-26 01:42:55', 0),
(90, 1, 1, 1, 'Marlon', '0.0', 1, '2019-04-26 01:42:56', 0),
(91, 1, 1, 1, 'Marlon', '0.0', 1, '2019-04-26 01:43:44', 0),
(92, 1, 1, 1, 'Marlon', '0.0', 1, '2019-04-26 01:47:56', 0),
(93, 1, 1, 1, 'Marlon', '0.0', 1, '2019-04-26 01:55:34', 0),
(94, 1, 1, 1, 'Marlon', '0.0', 1, '2019-04-26 02:04:43', 0),
(95, 1, 1, 1, 'Marlon', '0.0', 1, '2019-04-26 02:15:45', 0),
(96, 1, 1, 1, 'Marlon', '0.0', 1, '2019-04-26 02:15:45', 0),
(97, 1, 1, 1, 'Marlon', '0.0', 1, '2019-04-26 02:23:01', 0),
(98, 1, 1, 1, 'Marlon', '0.0', 1, '2019-04-26 02:37:23', 0),
(99, 1, 1, 1, 'Marlon', '0.0', 1, '2019-04-26 02:38:20', 0),
(100, 1, 1, 1, 'Marlon', '0.0', 1, '2019-04-26 02:41:43', 0),
(101, 1, 1, 1, 'Marlon', '0.0', 1, '2019-04-26 02:48:53', 0),
(102, 1, 1, 1, 'Marlon', '0.0', 1, '2019-04-26 03:02:15', 0),
(103, 1, 1, 1, 'Marlon', '0.0', 1, '2019-04-26 03:18:22', 0),
(104, 1, 1, 1, 'Marlon', '0.0', 1, '2019-04-26 10:27:56', 0),
(105, 1, 1, 1, 'Marlon', '0.0', 1, '2019-04-26 10:27:56', 0),
(106, 1, 1, 1, 'Marlon', '0.0', 1, '2019-04-26 11:04:30', 0),
(107, 1, 1, 1, 'Marlon', '0.0', 1, '2019-04-26 11:21:01', 0),
(108, 1, 1, 1, 'Marlon', '0.0', 1, '2019-04-26 13:55:27', 0),
(109, 1, 1, 1, 'Marlon', '0.0', 1, '2019-04-26 15:58:11', 0),
(110, 1, 1, 1, 'Marlon', '0.0', 1, '2019-04-26 19:44:03', 0),
(111, 1, 1, 1, 'Marlon', '0.0', 1, '2019-04-26 19:46:12', 0),
(112, 1, 1, 1, 'Marlon', '0.0', 1, '2019-04-26 20:41:19', 0),
(113, 1, 1, 1, 'Marlon', '0.0', 1, '2019-04-26 20:41:19', 0),
(114, 1, 1, 1, 'Marlon', '0.0', 1, '2019-04-26 21:07:53', 0),
(115, 1, 1, 1, 'Marlon', '0.0', 1, '2019-04-26 21:51:47', 0),
(116, 1, 1, 1, 'Marlon', '0.0', 1, '2019-04-26 22:14:08', 0),
(117, 1, 1, 1, 'Marlon', '0.0', 1, '2019-04-26 22:35:00', 0),
(118, 1, 1, 1, 'Marlon', '0.0', 1, '2019-04-27 00:03:51', 0),
(119, 1, 1, 1, 'Marlon', '0.0', 1, '2019-04-27 00:47:55', 0),
(120, 1, 1, 1, 'Marlon', '0.0', 1, '2019-04-27 01:06:42', 0),
(121, 1, 1, 1, 'Marlon', '0.0', 1, '2019-04-27 01:08:27', 0),
(122, 1, 1, 1, 'Marlon', '0.0', 1, '2019-04-27 01:18:39', 0),
(123, 1, 1, 1, 'Marlon', '0.0', 1, '2019-04-27 01:22:11', 0),
(124, 1, 1, 1, 'Marlon', '0.0', 1, '2019-04-27 03:38:38', 0),
(125, 1, 1, 1, 'Marlon', '0.0', 1, '2019-04-27 05:13:47', 0),
(126, 1, 1, 1, 'Marlon', '0.0', 1, '2019-04-27 05:17:27', 0),
(127, 1, 1, 1, 'Marlon', '0.0', 1, '2019-04-27 09:37:04', 0),
(128, 1, 1, 1, 'Marlon', '0.0', 1, '2019-04-27 11:48:41', 0),
(129, 1, 1, 1, 'Marlon', '0.0', 1, '2019-04-27 12:48:39', 0),
(130, 1, 1, 1, 'Marlon', '0.0', 1, '2019-04-27 13:47:18', 0),
(131, 1, 1, 1, 'Marlon', '0.0', 1, '2019-04-27 14:10:21', 0),
(132, 1, 1, 1, 'Marlon', '0.0', 1, '2019-04-27 14:45:15', 0),
(133, 1, 1, 1, 'Marlon', '0.0', 1, '2019-04-27 15:34:09', 0),
(134, 1, 1, 1, 'Marlon', '0.0', 1, '2019-04-27 15:35:56', 0),
(135, 1, 1, 1, 'Marlon', '0.0', 1, '2019-04-27 15:37:39', 0),
(136, 1, 1, 1, 'Marlon', '0.0', 1, '2019-04-27 15:38:12', 0),
(137, 1, 1, 1, 'Marlon', '0.0', 1, '2019-04-27 15:41:38', 0),
(138, 1, 1, 1, 'Felizberto', '0.0', 1, '2019-04-27 16:00:25', 0),
(139, 1, 1, 1, 'Marlon', '0.0', 1, '2019-04-27 16:03:50', 0),
(140, 1, 1, 3, '', '0.0', 1, '2019-04-27 16:18:42', 0),
(141, 1, 1, 3, '', '0.0', 1, '2019-04-27 16:40:16', 0),
(142, 1, 1, 3, 're', '0.0', 1, '2019-04-27 16:42:18', 0),
(143, 1, 1, 3, 'Marlon', '0.0', 1, '2019-04-27 17:27:45', 0),
(144, 1, 1, 3, 'Marlon Englemam', '0.0', 1, '2019-04-27 17:29:11', 0),
(145, 1, 1, 3, 'Marlon Bennet', '0.0', 1, '2019-04-27 17:34:14', 0),
(146, 1, 1, 3, 'Mark', '0.0', 1, '2019-04-27 18:20:44', 0),
(147, 1, 1, 3, 'Little Mark', '0.0', 1, '2019-04-27 18:22:21', 0),
(148, 1, 1, 3, 'Big Marvin', '0.0', 1, '2019-04-27 18:27:41', 0),
(149, 1, 1, 3, 'This is me', '0.0', 1, '2019-04-27 18:32:00', 0),
(150, 1, 1, 3, 'Mars', '0.0', 1, '2019-04-27 18:36:42', 0),
(151, 1, 1, 3, 'Marlon', '0.0', 1, '2019-04-27 19:17:09', 0),
(152, 1, 1, 3, 'Marlon', '0.0', 1, '2019-04-27 20:49:33', 0),
(153, 1, 1, 3, 'Marlon', '0.0', 1, '2019-04-27 21:41:36', 0),
(154, 1, 1, 3, 'Marlon', '0.0', 1, '2019-04-27 22:49:59', 0),
(155, 1, 1, 3, 'Marlon', '0.0', 1, '2019-04-27 23:13:53', 0),
(156, 1, 1, 3, 'Marlon', '0.0', 1, '2019-04-28 00:23:37', 0),
(157, 1, 1, 3, 'Goku', '0.0', 1, '2019-04-28 00:27:31', 0),
(158, 1, 1, 3, 'Mark again', '0.0', 1, '2019-04-28 00:38:06', 0),
(159, 1, 1, 3, 'mark', '0.0', 1, '2019-04-28 00:39:23', 0),
(160, 1, 1, 3, 'Names', '0.0', 1, '2019-04-28 00:43:29', 0),
(161, 1, 1, 3, 'Names', '0.0', 1, '2019-04-28 00:46:36', 0),
(162, 1, 1, 3, 'James', '0.0', 1, '2019-04-28 00:58:12', 0),
(163, 1, 1, 3, 'James', '0.0', 1, '2019-04-28 01:03:20', 0),
(164, 1, 1, 3, 'marks', '0.0', 1, '2019-04-28 01:08:55', 0),
(165, 1, 1, 3, 'james', '0.0', 1, '2019-04-28 01:14:49', 0),
(166, 1, 1, 3, 'aaa', '0.0', 1, '2019-04-28 01:18:01', 0),
(167, 1, 1, 3, 'bbbbb', '0.0', 1, '2019-04-28 01:24:27', 0),
(168, 1, 1, 3, 'ccc', '0.0', 1, '2019-04-28 01:28:29', 0),
(169, 1, 1, 3, 'cccc', '0.0', 1, '2019-04-28 01:30:55', 0),
(170, 1, 1, 3, 'cccc', '0.0', 1, '2019-04-28 01:32:27', 0),
(171, 1, 1, 3, 'Jhonny', '0.0', 1, '2019-04-28 01:34:55', 0),
(172, 1, 1, 3, 'marc', '0.0', 1, '2019-04-28 01:39:52', 0),
(173, 1, 1, 3, 'kkkk', '0.0', 1, '2019-04-28 01:44:50', 0),
(174, 1, 1, 3, 'mmm', '0.0', 1, '2019-04-28 01:47:58', 0),
(175, 1, 1, 3, 'uuu', '0.0', 1, '2019-04-28 01:49:09', 0),
(176, 1, 1, 3, 'we', '0.0', 1, '2019-04-28 01:51:43', 0),
(177, 1, 1, 3, 'wa', '0.0', 1, '2019-04-28 01:53:03', 0),
(178, 1, 1, 3, 'e', '0.0', 1, '2019-04-28 02:03:43', 0),
(179, 1, 1, 3, 'zzz', '0.0', 1, '2019-04-28 02:13:08', 0),
(180, 1, 1, 3, 'yyy', '0.0', 1, '2019-04-28 02:14:22', 0),
(181, 1, 1, 3, 'rere', '0.0', 1, '2019-04-28 02:25:10', 0),
(182, 1, 1, 3, 'mmm', '0.0', 1, '2019-04-28 02:27:17', 0),
(183, 1, 1, 3, 'kkkk', '0.0', 1, '2019-04-28 02:29:41', 0),
(184, 1, 1, 3, 'aaa', '0.0', 1, '2019-04-28 02:32:45', 0),
(185, 1, 1, 3, 'kkk', '0.0', 1, '2019-04-28 02:36:30', 0),
(186, 1, 1, 3, 'kkkk', '0.0', 1, '2019-04-28 02:41:58', 0),
(187, 1, 1, 3, 'kkkll', '0.0', 1, '2019-04-28 02:43:54', 0),
(188, 1, 1, 3, 'kkkk', '0.0', 1, '2019-04-28 02:45:16', 0),
(189, 1, 1, 3, 'aa', '0.0', 1, '2019-04-28 02:48:32', 0),
(190, 1, 1, 3, 'kkk', '0.0', 1, '2019-04-28 02:59:09', 0),
(191, 1, 1, 3, '123f', '0.0', 1, '2019-04-28 03:00:17', 0),
(192, 1, 1, 3, 'hhh', '0.0', 1, '2019-04-28 03:02:18', 0),
(193, 1, 1, 3, 'kkk', '0.0', 1, '2019-04-28 03:03:44', 0),
(194, 1, 1, 3, 'kkkk', '0.0', 1, '2019-04-28 03:05:40', 0),
(195, 1, 1, 3, 'kkk', '0.0', 1, '2019-04-28 03:09:09', 0),
(196, 1, 1, 3, 'kkkk', '0.0', 1, '2019-04-28 03:16:03', 0),
(197, 1, 1, 3, 'bb', '0.0', 1, '2019-04-28 03:22:38', 0),
(198, 1, 1, 3, 'k', '0.0', 1, '2019-04-28 03:23:55', 0),
(199, 1, 1, 3, 'Marlon', '0.0', 1, '2019-04-28 03:29:15', 0),
(200, 1, 1, 3, 'Marlon', '0.0', 1, '2019-04-28 13:59:21', 0),
(201, 1, 1, 3, 'Marlon', '0.0', 1, '2019-04-28 14:26:48', 0),
(202, 1, 1, 3, 'marc', '0.0', 1, '2019-04-28 15:48:34', 0),
(203, 1, 1, 3, 'james', '0.0', 1, '2019-04-28 15:50:01', 0),
(204, 1, 1, 3, 'aaa', '0.0', 1, '2019-04-28 15:51:32', 0),
(205, 1, 1, 3, 'edi', '0.0', 1, '2019-04-28 15:54:30', 0),
(206, 1, 1, 3, 'james', '0.0', 1, '2019-04-28 15:55:46', 0),
(207, 1, 1, 3, 're', '0.0', 1, '2019-04-28 16:01:08', 0),
(208, 1, 1, 3, 'aa', '0.0', 1, '2019-04-28 16:04:07', 0),
(209, 1, 1, 3, 'marks', '0.0', 1, '2019-04-28 16:07:51', 0),
(210, 1, 1, 3, 'kk', '0.0', 1, '2019-04-28 16:09:32', 0),
(211, 1, 1, 3, 'aa', '0.0', 1, '2019-04-28 16:10:44', 0),
(212, 1, 1, 3, 'kk', '0.0', 1, '2019-04-28 16:12:54', 0),
(213, 1, 1, 3, 'kkkk', '0.0', 1, '2019-04-28 16:15:26', 0),
(214, 1, 1, 3, 'kk', '0.0', 1, '2019-04-28 16:17:01', 0),
(215, 1, 1, 3, 'arc', '0.0', 1, '2019-04-28 16:20:09', 0),
(216, 1, 1, 3, 'kk', '0.0', 1, '2019-04-28 16:22:36', 0),
(217, 1, 1, 3, 'rsrs', '0.0', 1, '2019-04-28 16:27:50', 0),
(218, 1, 1, 3, 'klkl', '0.0', 1, '2019-04-28 16:29:35', 0),
(219, 1, 1, 3, 'kk', '0.0', 1, '2019-04-28 16:31:47', 0),
(220, 1, 1, 3, 'rsrs', '0.0', 1, '2019-04-28 16:33:33', 0),
(221, 1, 1, 3, 'a', '0.0', 1, '2019-04-28 16:38:35', 0),
(222, 1, 1, 3, 'aa', '0.0', 1, '2019-04-28 16:40:07', 0),
(223, 1, 1, 3, 'kk', '0.0', 1, '2019-04-28 16:46:00', 0),
(224, 1, 1, 3, 'kk', '0.0', 1, '2019-04-28 16:47:57', 0),
(225, 1, 1, 3, 'kkkk', '0.0', 1, '2019-04-28 16:50:01', 0),
(226, 1, 1, 3, 'marc', '0.0', 1, '2019-04-28 17:35:42', 0),
(227, 1, 1, 3, 'kkk', '0.0', 1, '2019-04-28 17:38:29', 0),
(228, 1, 1, 3, 'mars', '0.0', 1, '2019-04-28 17:40:39', 0),
(229, 1, 1, 3, 'Marks', '0.0', 1, '2019-04-28 19:40:42', 0),
(230, 1, 1, 3, 'ddd', '0.0', 1, '2019-04-28 20:18:44', 0),
(231, 1, 1, 3, 'Eduardo', '0.0', 1, '2019-04-28 20:19:45', 0),
(232, 1, 1, 3, 'Names', '0.0', 1, '2019-04-28 22:16:47', 0),
(233, 1, 1, 3, 'mark', '0.0', 1, '2019-04-28 22:23:59', 0),
(234, 1, 1, 3, 'Jsjs', '0.0', 1, '2019-04-28 22:24:58', 0),
(235, 1, 1, 3, 'gd', '0.0', 1, '2019-04-28 22:35:08', 0),
(236, 1, 1, 3, 'Teste', '0.0', 1, '2019-04-28 23:23:16', 0),
(237, 1, 1, 3, 'Test', '0.0', 1, '2019-04-29 01:03:26', 0),
(238, 1, 1, 3, 'Lucas', '0.0', 1, '2019-04-29 01:13:18', 0),
(239, 1, 1, 3, 'Lucas', '0.0', 1, '2019-04-29 01:14:18', 0),
(240, 1, 1, 3, 'Marks', '0.0', 1, '2019-04-29 02:06:08', 0),
(241, 1, 1, 3, 'Maks', '0.0', 1, '2019-04-29 04:06:18', 0),
(242, 1, 1, 3, 'Twtes', '0.0', 1, '2019-04-29 12:45:42', 0),
(243, 1, 1, 3, 'Jobs', '0.0', 1, '2019-04-29 13:42:07', 0),
(244, 1, 1, 3, 'Elder', '0.0', 1, '2019-04-29 13:42:40', 0),
(245, 1, 1, 3, 'Marlon', '0.0', 1, '2019-04-29 15:10:23', 0),
(246, 1, 1, 3, 'MATAI', '0.0', 1, '2019-04-29 15:11:55', 0),
(247, 1, 1, 3, 'Marlinho Gauchinho', '0.0', 1, '2019-04-29 15:13:51', 0),
(248, 1, 3, 1, 'Teste', '0.0', 1, '2019-04-29 15:59:44', 0),
(249, 1, 1, 3, 'Gjk', '0.0', 1, '2019-04-29 16:53:29', 0),
(250, 1, 1, 3, 'Fernando', '0.0', 1, '2019-04-29 16:55:35', 0),
(251, 1, 3, 1, 'James', '0.0', 1, '2019-04-29 16:57:58', 0),
(252, 1, 1, 3, 'Kdjd', '0.0', 1, '2019-04-29 17:32:30', 0),
(253, 1, 1, 3, 'Eduardo', '0.0', 1, '2019-04-29 17:34:34', 0),
(254, 1, 1, 3, 'Teste', '0.0', 1, '2019-04-29 17:34:44', 0),
(255, 1, 1, 3, 'Marlon', '0.0', 1, '2019-04-29 17:36:29', 0),
(256, 1, 1, 3, 'Makes', '0.0', 1, '2019-04-29 18:31:48', 0),
(257, 1, 1, 3, 'Tsts', '0.0', 1, '2019-04-29 18:53:47', 0),
(258, 1, 1, 3, 'Marlon', '0.0', 1, '2019-04-29 20:41:12', 0),
(259, 1, 1, 3, 'Relampago marquinhos', '0.0', 1, '2019-04-29 22:07:31', 0),
(260, 1, 1, 3, 'james', '0.0', 1, '2019-04-29 22:17:07', 0),
(261, 1, 1, 3, 'Jony', '0.0', 1, '2019-04-29 22:44:12', 0),
(262, 1, 1, 3, 'Maks', '0.0', 1, '2019-04-29 23:39:33', 0),
(263, 1, 1, 3, 'Kkk', '0.0', 1, '2019-04-29 23:47:38', 0),
(264, 1, 1, 3, 'Gsg', '0.0', 1, '2019-04-30 00:29:18', 0),
(265, 1, 1, 3, 'Elder', '0.0', 1, '2019-04-30 01:12:41', 0),
(266, 1, 4, 3, 'Rodrigo', '0.0', 1, '2019-04-30 02:27:07', 0),
(267, 1, 4, 3, 'Rodrigo', '0.0', 1, '2019-04-30 02:27:45', 0),
(268, 1, 1, 3, 'Marlon Englemam', '0.0', 1, '2019-04-30 02:46:22', 0),
(269, 1, 1, 3, 'Mark', '0.0', 1, '2019-04-30 02:51:21', 0),
(270, 1, 1, 3, 'bia', '0.0', 1, '2019-04-30 03:20:39', 0),
(271, 1, 1, 3, 'bia', '0.0', 1, '2019-04-30 03:21:48', 0),
(272, 1, 1, 3, 'bia', '0.0', 1, '2019-04-30 03:25:25', 0),
(273, 1, 1, 3, 'ja', '0.0', 1, '2019-04-30 03:28:45', 0),
(274, 1, 1, 3, 'james', '0.0', 1, '2019-04-30 03:29:45', 0),
(275, 1, 1, 3, 'rsrs', '0.0', 1, '2019-04-30 03:30:59', 0),
(276, 1, 1, 3, 'rsrs', '0.0', 1, '2019-04-30 03:34:08', 0),
(277, 1, 1, 3, 'rs', '0.0', 1, '2019-04-30 03:35:34', 0),
(278, 1, 1, 3, 'fsdgs', '0.0', 1, '2019-04-30 03:42:06', 0),
(279, 1, 1, 3, 'egwegew', '0.0', 1, '2019-04-30 03:45:15', 0),
(280, 1, 1, 3, 'hhh', '0.0', 1, '2019-04-30 03:46:30', 0),
(281, 1, 1, 3, 'kkk', '0.0', 1, '2019-04-30 03:47:23', 0),
(282, 1, 1, 3, 'rs', '0.0', 1, '2019-04-30 03:51:31', 0),
(283, 1, 1, 3, 'Gii', '0.0', 1, '2019-04-30 03:58:14', 0),
(284, 1, 1, 3, 'srs', '0.0', 1, '2019-04-30 04:04:48', 0),
(285, 1, 1, 3, 'rsrs', '0.0', 1, '2019-04-30 04:18:02', 0),
(286, 1, 1, 3, 'marl', '0.0', 1, '2019-04-30 04:21:05', 0),
(287, 1, 1, 3, 'Kkk', '0.0', 1, '2019-04-30 10:16:53', 0),
(288, 1, 1, 3, 'Hh', '0.0', 1, '2019-04-30 10:26:47', 0),
(289, 1, 1, 3, 'Eduardo', '0.0', 1, '2019-04-30 10:30:00', 0),
(290, 1, 1, 3, 'Edward', '0.0', 1, '2019-04-30 11:09:48', 0),
(291, 1, 1, 3, 'Maks', '0.0', 1, '2019-04-30 13:04:02', 0),
(292, 1, 1, 3, 'James', '0.0', 1, '2019-04-30 19:22:42', 0),
(293, 1, 1, 3, 'Teste', '0.0', 1, '2019-04-30 21:01:37', 0),
(294, 1, 1, 3, 'Teste', '0.0', 1, '2019-04-30 22:01:47', 0),
(295, 1, 1, 3, 'Little mary', '0.0', 1, '2019-04-30 22:02:19', 0),
(296, 1, 1, 3, 'Little maryh', '0.0', 1, '2019-04-30 22:02:36', 0),
(297, 1, 1, 3, 'Little maryhj', '0.0', 1, '2019-04-30 22:03:32', 0),
(298, 1, 1, 3, 'Matheus', '0.0', 1, '2019-04-30 22:05:54', 0),
(299, 1, 1, 3, '????????????????????????????', '0.0', 1, '2019-04-30 22:11:47', 0),
(300, 1, 1, 3, 'Mark', '0.0', 1, '2019-05-01 00:50:55', 0),
(301, 1, 1, 3, 'Dudu', '0.0', 1, '2019-05-01 00:56:24', 0),
(302, 1, 1, 3, 'jone', '0.0', 1, '2019-05-01 01:00:49', 0),
(303, 1, 1, 3, 'Yy', '0.0', 1, '2019-05-01 03:00:39', 0),
(304, 1, 1, 3, 'marks', '0.0', 1, '2019-05-01 03:27:21', 0),
(305, 1, 1, 3, 'James', '0.0', 1, '2019-05-01 03:37:33', 0),
(306, 1, 1, 3, 'james', '0.0', 1, '2019-05-01 03:43:55', 0),
(307, 1, 1, 3, 'kkk', '0.0', 1, '2019-05-01 03:46:32', 0),
(308, 1, 1, 3, 'Matheus', '0.0', 1, '2019-05-01 03:52:14', 0),
(309, 1, 1, 3, 'james', '0.0', 1, '2019-05-01 03:56:36', 0),
(310, 1, 1, 3, 'kkkk', '0.0', 1, '2019-05-01 04:09:09', 0),
(311, 1, 1, 3, 'kkkk', '0.0', 1, '2019-05-01 04:11:39', 0),
(312, 1, 1, 3, 'Tt', '0.0', 1, '2019-05-01 13:04:16', 0),
(313, 1, 1, 3, 'teste', '0.0', 0, '2019-05-01 15:19:00', 0),
(314, 1, 1, 3, 'kkkkk', '0.0', 0, '2019-05-01 15:28:25', 0),
(315, 1, 1, 3, 'James', '0.0', 0, '2019-05-01 15:31:18', 0),
(316, 1, 1, 3, 'Matheus', '0.0', 0, '2019-05-01 15:32:20', 0),
(317, 1, 1, 3, 'Jaiminho', '0.0', 0, '2019-05-01 15:34:00', 0),
(318, 1, 1, 3, 'Hd', '0.0', 0, '2019-05-01 15:42:28', 0),
(319, 1, 1, 3, 'Heitor', '0.0', 0, '2019-05-01 16:15:16', 0),
(320, 1, 1, 3, 'Everaldo', '0.0', 0, '2019-05-01 16:37:10', 0),
(321, 1, 1, 3, 'Maks', '0.0', 0, '2019-05-01 21:19:37', 0),
(322, 1, 1, 3, 'Ttste', '0.0', 0, '2019-05-01 21:40:34', 0),
(323, 1, 1, 3, 'Matheus', '0.0', 0, '2019-05-01 21:56:21', 0),
(324, 1, 5, 5, 'Eduardo', '0.0', 0, '2019-05-02 10:09:32', 0),
(325, 1, 1, 3, 'Maks', '0.0', 0, '2019-05-02 11:41:56', 0),
(326, 1, 1, 3, 'Mais velho (Elder)', '0.0', 0, '2019-05-02 16:39:37', 0),
(327, 1, 1, 3, 'ana', '0.0', 0, '2019-05-02 17:43:39', 0),
(328, 1, 1, 3, 'Kim', '0.0', 0, '2019-05-02 17:48:20', 0),
(329, 1, 1, 3, 'Jhony', '0.0', 0, '2019-05-03 00:03:11', 0),
(330, 1, 1, 3, 'Marlon', '0.0', 0, '2019-05-03 00:06:04', 0),
(331, 1, 1, 3, 'Matheus', '0.0', 0, '2019-05-03 00:06:22', 0),
(332, 1, 1, 3, 'james', '0.0', 0, '2019-05-03 00:08:48', 0),
(333, 1, 1, 3, 'james2', '0.0', 0, '2019-05-03 00:34:55', 0),
(334, 1, 1, 3, 'maks', '0.0', 0, '2019-05-03 00:38:10', 0),
(335, 1, 1, 3, 'Little mark', '0.0', 0, '2019-05-03 00:46:14', 0),
(336, 1, 1, 3, 'Marks', '0.0', 0, '2019-05-03 11:49:15', 0),
(337, 1, 1, 3, 'Marks', '0.0', 0, '2019-05-03 11:49:20', 0),
(338, 1, 1, 3, 'Marks', '0.0', 0, '2019-05-03 12:57:36', 0),
(339, 1, 1, 3, 'Marlon', '0.0', 0, '2019-05-03 12:57:53', 0),
(340, 1, 1, 3, 'Du', '0.0', 0, '2019-05-03 13:03:30', 0),
(341, 1, 1, 3, 'Du', '0.0', 0, '2019-05-03 13:03:34', 0),
(342, 1, 1, 3, 'Du', '0.0', 0, '2019-05-03 13:03:38', 0),
(343, 1, 1, 3, 'Matais', '0.0', 0, '2019-05-03 16:05:55', 0),
(344, 1, 1, 3, 'Teste matai', '0.0', 0, '2019-05-03 16:49:33', 0),
(345, 1, 1, 3, 'Matai', '0.0', 0, '2019-05-03 16:49:42', 0),
(346, 1, 1, 3, ' ', '0.0', 0, '2019-05-03 16:49:55', 0),
(347, 1, 1, 3, 'Matheus Pegoraro123', '0.0', 0, '2019-05-03 22:01:23', 0),
(348, 1, 1, 3, 'Matheus Pegoraro123', '0.0', 0, '2019-05-03 22:07:04', 0),
(349, 1, 1, 3, 'Matheus12345', '0.0', 0, '2019-05-03 22:08:48', 0),
(350, 1, 1, 3, 'Teu', '0.0', 0, '2019-05-03 22:12:35', 0),
(351, 1, 1, 3, 'Mark', '0.0', 0, '2019-05-03 22:13:02', 0),
(352, 1, 1, 3, 'Marlon', '0.0', 0, '2019-05-03 22:42:06', 0),
(353, 1, 1, 3, 'jeimes', '0.0', 0, '2019-05-03 22:46:15', 0),
(354, 1, 1, 3, 'Elder', '0.0', 0, '2019-05-03 23:37:59', 0),
(355, 1, 1, 3, 'Elder', '0.0', 0, '2019-05-03 23:48:29', 0),
(356, 1, 1, 3, 'Eduardo', '0.0', 0, '2019-05-04 00:53:09', 0),
(357, 1, 1, 3, 'Mais velho', '0.0', 1, '2019-05-04 00:58:19', 0),
(358, 1, 1, 3, 'Elder', '0.0', 1, '2019-05-04 01:02:01', 0),
(359, 1, 1, 3, 'Mathew', '0.0', 1, '2019-05-04 01:03:44', 0),
(360, 1, 1, 3, 'Elder', '0.0', 1, '2019-05-04 01:09:26', 0),
(361, 1, 1, 3, 'Trdte', '0.0', 1, '2019-05-04 01:13:39', 0),
(362, 1, 1, 3, 'Jessie', '0.0', 1, '2019-05-04 01:15:25', 0),
(363, 1, 1, 3, 'Markieli', '0.0', 1, '2019-05-04 01:17:59', 0),
(364, 1, 1, 3, 'Jeisy', '0.0', 1, '2019-05-04 01:24:19', 0),
(365, 1, 1, 3, 'Keile', '0.0', 1, '2019-05-04 01:25:45', 0),
(366, 1, 1, 3, 'Jamess', '0.0', 1, '2019-05-04 02:20:44', 0),
(367, 1, 1, 3, 'Ttranks', '0.0', 1, '2019-05-04 02:22:38', 0),
(368, 1, 1, 3, 'rats', '0.0', 1, '2019-05-04 02:43:44', 0),
(369, 1, 1, 3, 'marcy', '0.0', 1, '2019-05-04 02:45:42', 0),
(370, 1, 1, 3, 'rerere', '0.0', 1, '2019-05-04 02:50:47', 0),
(371, 1, 1, 3, 'wan', '0.0', 1, '2019-05-04 02:54:01', 0),
(372, 1, 1, 3, 'dione', '0.0', 0, '2019-05-04 03:09:54', 0),
(373, 1, 1, 3, 'names', '0.0', 0, '2019-05-04 03:11:33', 0),
(374, 1, 1, 3, 'Marcos', '0.0', 0, '2019-05-04 04:02:34', 0),
(375, 1, 1, 3, 'Marcos', '0.0', 0, '2019-05-04 04:04:35', 0),
(376, 1, 1, 3, 'Matheus Pegoraro222', '0.0', 0, '2019-05-04 04:12:13', 0),
(377, 1, 1, 3, 'Elderxxx', '0.0', 1, '2019-05-04 04:17:05', 0),
(378, 1, 1, 3, 'Teste', '0.0', 1, '2019-05-04 04:23:23', 0),
(379, 1, 1, 3, 'Teste', '0.0', 1, '2019-05-04 04:24:08', 0),
(380, 1, 1, 3, 'Teste', '0.0', 1, '2019-05-04 04:26:45', 0),
(381, 1, 1, 3, 'TEste123', '0.0', 1, '2019-05-04 04:32:50', 0),
(382, 1, 1, 3, 'teste', '0.0', 1, '2019-05-04 04:48:09', 0),
(383, 1, 1, 3, '1234', '0.0', 1, '2019-05-04 04:51:20', 0),
(384, 1, 1, 3, '234', '0.0', 1, '2019-05-04 04:52:15', 0),
(385, 1, 1, 3, 'Eduardo', '0.0', 1, '2019-05-04 12:21:23', 0),
(386, 1, 1, 3, 'Teste', '0.0', 0, '2019-05-04 13:52:23', 0),
(387, 1, 1, 3, 'Eu', '0.0', 0, '2019-05-04 14:00:31', 0),
(388, 1, 1, 3, '12344', '0.0', 0, '2019-05-04 14:04:16', 0),
(389, 1, 1, 3, '123441', '0.0', 0, '2019-05-04 14:05:37', 0),
(390, 1, 1, 3, 'Matheus', '0.0', 0, '2019-05-04 14:08:39', 0),
(391, 1, 1, 3, 'Matheus', '0.0', 0, '2019-05-04 14:08:42', 0),
(392, 1, 1, 3, 'Matheus', '0.0', 0, '2019-05-04 14:08:54', 0),
(393, 1, 1, 3, 'Matheus', '0.0', 0, '2019-05-04 14:09:17', 0),
(394, 1, 1, 3, 'Matheus', '0.0', 0, '2019-05-04 14:10:19', 0),
(395, 1, 1, 3, 'Matheus123', '0.0', 0, '2019-05-04 14:12:16', 0),
(396, 1, 1, 3, 'Agora vai', '0.0', 0, '2019-05-04 14:13:36', 0),
(397, 1, 1, 3, 'Agora vai2', '0.0', 0, '2019-05-04 14:15:57', 0),
(398, 1, 1, 3, 'Agora vai3', '0.0', 1, '2019-05-04 14:17:13', 0),
(399, 1, 1, 3, 'teste', '0.0', 1, '2019-05-04 14:18:44', 0),
(400, 1, 1, 3, 'Matheus321', '0.0', 1, '2019-05-04 14:29:29', 0),
(401, 1, 1, 3, 'Matheus645', '0.0', 0, '2019-05-04 14:30:42', 0),
(402, 1, 1, 3, 'Matheus111', '0.0', 1, '2019-05-04 14:32:13', 0),
(403, 1, 1, 3, 'Matheus112', '0.0', 1, '2019-05-04 14:33:47', 0),
(404, 1, 1, 3, 'Teste', '0.0', 0, '2019-05-04 14:37:57', 0),
(405, 1, 1, 3, 'Marcus', '0.0', 1, '2019-05-04 15:19:51', 0),
(406, 1, 1, 3, 'Markus Enlgemam', '0.0', 1, '2019-05-04 15:20:36', 0),
(407, 1, 1, 3, 'Englemans', '0.0', 1, '2019-05-04 15:22:29', 0),
(408, 1, 1, 3, 'Elder', '0.0', 0, '2019-05-04 15:42:10', 0),
(409, 1, 1, 3, 'Marlon Englemam', '0.0', 1, '2019-05-04 18:04:00', 0),
(410, 1, 1, 3, 'Teste', '0.0', 1, '2019-05-04 18:09:07', 0),
(411, 1, 1, 3, 'Matheus Pegoraro', '0.0', 0, '2019-05-04 18:28:28', 0),
(412, 1, 1, 3, 'Eduardo', '0.0', 0, '2019-05-04 18:33:59', 0),
(413, 1, 1, 3, 'Nayara', '0.0', 1, '2019-05-04 19:36:32', 0),
(414, 1, 1, 3, 'Ana', '0.0', 1, '2019-05-04 20:16:40', 0),
(415, 1, 1, 3, 'Marks', '0.0', 1, '2019-05-04 20:59:57', 0),
(416, 1, 1, 3, 'Marlon', '0.0', 1, '2019-05-04 22:26:07', 0),
(417, 1, 1, 3, 'Gnvc', '0.0', 1, '2019-05-05 00:58:00', 0),
(418, 1, 1, 3, 'Marlonx19', '0.0', 1, '2019-05-06 01:17:19', 0),
(419, 1, 1, 3, 'Marlony0', '0.0', 1, '2019-05-06 01:20:45', 0),
(420, 1, 1, 3, 'Matheus', '0.0', 1, '2019-05-06 02:16:38', 0),
(421, 1, 1, 3, 'James', '0.0', 1, '2019-05-06 02:29:45', 0),
(422, 1, 1, 3, 'marci', '0.0', 1, '2019-05-06 02:34:27', 0),
(423, 1, 1, 3, 'Malnova', '0.0', 1, '2019-05-06 03:51:31', 0),
(424, 1, 1, 3, 'Names', '0.0', 1, '2019-05-06 03:58:31', 0),
(425, 1, 1, 3, 'Teste', '0.0', 1, '2019-05-06 09:50:47', 0),
(426, 1, 1, 3, 'Regis', '0.0', 1, '2019-05-06 10:51:12', 0),
(427, 1, 1, 3, 'Eduardo', '0.0', 1, '2019-05-06 11:14:53', 0),
(428, 1, 1, 3, 'James', '0.0', 1, '2019-05-06 12:25:07', 0),
(429, 1, 1, 3, 'Henry', '0.0', 1, '2019-05-06 17:43:52', 0),
(430, 1, 1, 3, 'Marlon', '0.0', 0, '2019-05-06 22:03:26', 0),
(431, 1, 1, 3, 'Test', '0.0', 0, '2019-05-06 22:05:39', 0),
(432, 1, 1, 3, 'Elder', '0.0', 1, '2019-05-06 22:06:20', 0),
(433, 1, 1, 3, 'Douglas', '0.0', 0, '2019-05-06 22:50:40', 0),
(434, 1, 1, 3, 'Maike', '0.0', 0, '2019-05-06 22:52:52', 0),
(435, 1, 1, 3, 'Douglas', '0.0', 0, '2019-05-06 22:52:54', 0),
(436, 1, 1, 3, 'Elder', '0.0', 0, '2019-05-06 22:56:13', 0),
(437, 1, 1, 3, 'Douglas', '0.0', 0, '2019-05-06 23:00:06', 0),
(438, 1, 1, 3, 'Elder', '0.0', 1, '2019-05-06 23:13:45', 0),
(439, 1, 1, 3, 'Camilinho', '0.0', 1, '2019-05-06 23:50:24', 0),
(440, 1, 1, 3, 'Marlus', '0.0', 1, '2019-05-06 23:58:07', 0),
(441, 1, 1, 3, 'Douglas', '0.0', 1, '2019-05-06 23:59:22', 0),
(442, 1, 1, 3, 'James', '0.0', 1, '2019-05-07 00:01:43', 0),
(443, 1, 1, 3, 'Keylee', '0.0', 1, '2019-05-07 00:08:42', 0),
(444, 1, 1, 3, 'Matheus', '0.0', 1, '2019-05-07 00:12:22', 0),
(445, 1, 1, 3, 'ajewk', '0.0', 1, '2019-05-07 00:12:38', 0),
(446, 1, 1, 3, 'Jeimes', '0.0', 1, '2019-05-07 01:23:42', 0),
(447, 1, 1, 3, 'Kaylew', '0.0', 1, '2019-05-07 01:29:59', 0),
(448, 1, 1, 3, 'Marks', '0.0', 1, '2019-05-07 03:25:25', 0),
(449, 1, 1, 3, 'Peter', '0.0', 1, '2019-05-07 04:20:56', 0),
(450, 1, 1, 3, 'Elder', '0.0', 0, '2019-05-07 10:06:39', 0),
(451, 1, 1, 3, 'Eduardo', '0.0', 0, '2019-05-07 11:37:50', 0),
(452, 1, 1, 3, 'Yun', '0.0', 0, '2019-05-07 11:38:04', 0),
(453, 1, 1, 3, 'Matheus', '0.0', 0, '2019-05-07 11:54:07', 0),
(454, 1, 1, 3, 'Matais', '0.0', 0, '2019-05-07 11:54:31', 0),
(455, 1, 1, 3, 'Neli', '0.0', 1, '2019-05-07 14:29:10', 0),
(456, 1, 1, 3, 'Heitor', '0.0', 0, '2019-05-07 19:06:45', 0),
(457, 1, 1, 3, 'Juninho', '0.0', 0, '2019-05-07 22:06:49', 0),
(458, 1, 1, 3, 'Marus', '0.0', 0, '2019-05-07 22:23:30', 0),
(459, 1, 1, 3, 'kioto', '0.0', 0, '2019-05-07 22:50:41', 0),
(460, 1, 1, 3, 'Yani', '0.0', 0, '2019-05-07 23:09:34', 0),
(461, 1, 1, 3, 'Hh', '0.0', 0, '2019-05-07 23:12:08', 0),
(462, 1, 1, 3, 'marlon', '0.0', 0, '2019-05-07 23:13:20', 0),
(463, 1, 1, 3, 'Marlon', '0.0', 0, '2019-05-08 00:45:21', 0),
(464, 1, 1, 3, 'Markus', '0.0', 0, '2019-05-08 00:51:40', 0),
(465, 1, 1, 3, 'Marlon', '0.0', 0, '2019-05-08 02:42:29', 0),
(466, 1, 1, 3, 'james', '0.0', 1, '2019-05-08 03:25:31', 0),
(467, 1, 1, 3, 'james', '0.0', 1, '2019-05-08 03:26:41', 0),
(468, 1, 1, 3, 'rereref', '0.0', 1, '2019-05-08 03:28:13', 0),
(469, 1, 1, 3, 'Jeimes', '0.0', 1, '2019-05-08 04:49:46', 0),
(470, 1, 1, 3, 'Eduardo', '0.0', 1, '2019-05-08 10:10:09', 0),
(471, 1, 1, 3, 'Douglas', '0.0', 1, '2019-05-08 10:46:50', 0),
(472, 1, 1, 3, 'Douglas', '0.0', 1, '2019-05-08 10:49:11', 0),
(473, 1, 1, 3, 'Marlon', '0.0', 1, '2019-05-08 11:00:09', 0),
(474, 1, 1, 3, 'Urash', '0.0', 1, '2019-05-08 13:42:40', 0),
(475, 1, 1, 3, 'Make', '0.0', 1, '2019-05-08 14:30:54', 0),
(476, 1, 1, 3, 'Fern', '0.0', 1, '2019-05-08 15:37:02', 0),
(477, 1, 1, 3, 'Huahua', '0.0', 1, '2019-05-08 18:10:57', 0),
(478, 1, 1, 3, 'Mataizovisk', '0.0', 1, '2019-05-08 19:12:46', 0),
(479, 1, 1, 3, 'Rafa', '0.0', 1, '2019-05-08 22:01:50', 0),
(480, 1, 1, 3, 'Douglas numeriano', '0.0', 1, '2019-05-08 22:25:18', 0),
(481, 1, 1, 3, 'Keitor', '0.0', 1, '2019-05-08 22:31:15', 0),
(482, 1, 1, 3, 'srs', '0.0', 1, '2019-05-08 22:51:18', 0),
(483, 1, 1, 3, 'rsrsf', '0.0', 1, '2019-05-08 22:53:30', 0),
(484, 1, 1, 3, 'rere', '0.0', 1, '2019-05-08 22:59:35', 0),
(485, 1, 1, 3, 'user', '0.0', 1, '2019-05-08 23:00:40', 0),
(486, 1, 1, 3, 'mark', '0.0', 1, '2019-05-08 23:19:13', 0),
(487, 1, 1, 3, 'kkkk', '0.0', 1, '2019-05-08 23:27:46', 0),
(488, 1, 1, 3, 'Hahshdks', '0.0', 1, '2019-05-08 23:48:31', 0),
(489, 1, 1, 3, 'Jdh', '0.0', 1, '2019-05-08 23:49:21', 0),
(490, 1, 1, 3, 'Fff', '0.0', 1, '2019-05-09 00:00:59', 0),
(491, 1, 1, 3, 'Ighu', '0.0', 1, '2019-05-09 00:07:14', 0),
(492, 1, 1, 3, 'Matheus', '0.0', 1, '2019-05-09 00:08:11', 0),
(493, 1, 1, 3, 'Ugfg', '0.0', 1, '2019-05-09 00:22:58', 0),
(494, 1, 1, 3, 'foelksd', '0.0', 1, '2019-05-09 00:33:07', 0),
(495, 1, 1, 3, 'llll', '0.0', 1, '2019-05-09 01:23:30', 0),
(496, 1, 1, 3, 'rsrsrs', '0.0', 1, '2019-05-09 02:54:51', 0),
(497, 1, 1, 3, 'marks', '0.0', 1, '2019-05-09 02:56:33', 0),
(498, 1, 1, 3, 'marksr', '0.0', 1, '2019-05-09 02:57:21', 0),
(499, 1, 1, 3, 'ttrtr', '0.0', 1, '2019-05-09 02:58:03', 0),
(500, 1, 1, 3, 'markss', '0.0', 1, '2019-05-09 03:00:16', 0),
(501, 1, 1, 3, 'rsrs', '0.0', 1, '2019-05-09 03:02:53', 0),
(502, 1, 1, 3, 'trtr', '0.0', 1, '2019-05-09 03:03:11', 0),
(503, 1, 1, 3, 'Hahah', '0.0', 1, '2019-05-09 03:44:42', 0),
(504, 1, 1, 3, 'Kkkk', '0.0', 1, '2019-05-09 03:45:35', 0),
(505, 1, 1, 3, 'Teste', '0.0', 1, '2019-05-09 11:55:24', 0),
(506, 1, 1, 3, 'Sjs', '0.0', 1, '2019-05-09 11:55:39', 0),
(507, 1, 1, 3, 'Yes', '0.0', 1, '2019-05-09 11:56:17', 0),
(508, 1, 1, 3, 'Hua', '0.0', 1, '2019-05-09 12:33:45', 0),
(509, 1, 1, 3, 'Jgv', '0.0', 1, '2019-05-09 13:26:09', 0),
(510, 1, 1, 3, 'Matheus', '0.0', 1, '2019-05-09 23:11:04', 0),
(511, 1, 1, 3, 'Gaga', '0.0', 1, '2019-05-09 23:32:14', 0),
(512, 1, 1, 3, 'Maeks', '0.0', 1, '2019-05-10 01:10:34', 0),
(513, 1, 1, 3, 'Yanin', '0.0', 1, '2019-05-10 02:40:03', 0),
(514, 1, 1, 3, 'Marlon', '0.0', 1, '2019-05-10 03:24:40', 0),
(515, 1, 1, 3, 'Matheus teste', '0.0', 1, '2019-05-10 10:46:51', 0),
(516, 1, 1, 3, 'MarlonX19', '0.0', 1, '2019-05-11 03:16:30', 0),
(517, 1, 1, 3, 'Teste', '0.0', 1, '2019-05-11 11:06:35', 0),
(518, 1, 1, 3, 'Matheus', '0.0', 1, '2019-05-11 13:23:15', 0),
(519, 1, 1, 3, 'Nayara', '0.0', 1, '2019-05-11 14:56:32', 0),
(520, 1, 1, 3, 'Novacomandaforçada', '0.0', 1, '2019-05-11 15:08:20', 0),
(521, 1, 1, 3, 'Matheus01', '0.0', 1, '2019-05-11 15:11:02', 0),
(522, 1, 1, 3, 'novaComanda2', '0.0', 1, '2019-05-11 15:12:00', 0),
(523, 1, 1, 3, 'ComandaDoCelular', '0.0', 1, '2019-05-11 15:15:37', 0),
(524, 1, 1, 3, 'NovaComandaDoCelularParaTeste', '0.0', 1, '2019-05-11 15:16:19', 0),
(525, 1, 1, 3, 'Pitty', '0.0', 1, '2019-05-11 15:19:18', 0),
(526, 1, 1, 3, 'arlus', '0.0', 1, '2019-05-11 16:00:30', 0),
(527, 1, 1, 3, 'MarlonY', '0.0', 1, '2019-05-11 18:06:57', 0),
(528, 1, 1, 3, 'Teste', '0.0', 1, '2019-05-11 19:47:29', 0),
(529, 1, 1, 3, 'TesteLoadingPage', '0.0', 1, '2019-05-12 01:49:06', 0),
(530, 1, 1, 3, 'Testee', '0.0', 1, '2019-05-12 01:53:15', 0),
(531, 1, 1, 3, 'Newtedte', '0.0', 1, '2019-05-12 01:53:40', 0),
(532, 1, 1, 3, 'Marks', '0.0', 1, '2019-05-12 02:47:26', 0),
(533, 1, 1, 3, 'Nina', '0.0', 1, '2019-05-12 02:53:28', 0),
(534, 1, 1, 3, 'Pedro', '0.0', 1, '2019-05-12 03:24:11', 0),
(535, 1, 1, 3, 'Guilherme', '0.0', 1, '2019-05-12 16:23:09', 0),
(536, 1, 1, 3, 'Marks', '0.0', 1, '2019-05-12 19:37:58', 0),
(537, 1, 1, 3, 'Markus', '0.0', 1, '2019-05-12 20:30:29', 0),
(538, 1, 1, 3, 'Narks', '0.0', 1, '2019-05-13 22:10:09', 0),
(539, 1, 1, 3, 'Marlus', '0.0', 1, '2019-05-14 21:56:39', 0),
(540, 1, 1, 3, 'MarlusEnfleman', '0.0', 1, '2019-05-14 21:57:06', 0),
(541, 1, 1, 3, 'Orlando', '0.0', 1, '2019-05-15 00:18:15', 0),
(542, 1, 1, 3, 'Marlon', '0.0', 1, '2019-05-15 00:22:29', 0),
(543, 1, 1, 3, 'Douglas', '0.0', 1, '2019-05-15 10:17:38', 0),
(544, 1, 1, 3, 'Edward', '0.0', 1, '2019-05-15 22:16:32', 0),
(545, 1, 1, 3, 'Matheus', '0.0', 1, '2019-05-15 23:39:33', 0),
(546, 1, 1, 3, 'Ednan', '0.0', 1, '2019-05-15 23:59:04', 0),
(547, 1, 1, 3, 'Marlus', '0.0', 1, '2019-05-16 00:57:50', 0),
(548, 1, 1, 3, 'Marloososj', '0.0', 1, '2019-05-16 00:58:03', 0),
(549, 1, 1, 3, 'Marlonx', '0.0', 1, '2019-05-16 10:53:16', 0),
(550, 1, 1, 3, 'Mais velho', '0.0', 1, '2019-05-16 17:50:29', 0),
(551, 1, 1, 3, 'Luiz', '0.0', 1, '2019-05-16 22:09:27', 0),
(552, 1, 1, 3, 'Roberts', '0.0', 1, '2019-05-16 22:13:10', 0),
(553, 1, 1, 3, 'Marlox', '0.0', 1, '2019-05-16 22:29:50', 0),
(554, 1, 1, 3, 'Elder Zika', '0.0', 1, '2019-05-16 22:34:37', 0),
(555, 1, 1, 3, 'Elder ', '0.0', 1, '2019-05-16 22:38:03', 0),
(556, 1, 1, 3, 'Bolso', '0.0', 1, '2019-05-16 23:12:14', 0),
(557, 1, 1, 3, 'Marcus', '0.0', 0, '2019-05-17 02:57:33', 0),
(558, 1, 1, 3, 'Elder', '0.0', 0, '2019-05-17 14:46:23', 0),
(559, 1, 1, 3, 'Teste', '0.0', 0, '2019-05-18 12:43:44', 0),
(560, 1, 1, 3, 'Juvêncio', '0.0', 1, '2019-05-19 16:41:10', 0),
(561, 1, 1, 3, 'Douglas', '0.0', 0, '2019-05-20 01:23:12', 0),
(562, 1, 1, 3, 'Markus', '0.0', 1, '2019-05-20 17:24:26', 0),
(563, 1, 1, 3, 'Marlon', '0.0', 0, '2019-05-20 19:15:20', 0),
(564, 1, 1, 3, 'Eduardo', '0.0', 0, '2019-05-21 21:50:31', 0),
(565, 1, 1, 3, 'Jon', '0.0', 0, '2019-05-21 22:02:17', 0),
(566, 1, 1, 3, 'Naylee', '0.0', 0, '2019-05-21 22:09:57', 0),
(567, 1, 1, 3, 'Jhonny', '0.0', 0, '2019-05-22 00:51:54', 0),
(568, 1, 1, 3, 'Marks', '0.0', 0, '2019-05-22 02:46:18', 0),
(569, 1, 1, 3, 'Markus', '0.0', 0, '2019-05-22 04:23:51', 0),
(570, 1, 1, 3, 'Teste', '0.0', 0, '2019-05-22 15:19:03', 0),
(571, 1, 1, 3, 'Jon', '0.0', 0, '2019-05-22 22:35:32', 0);

-- --------------------------------------------------------

--
-- Estrutura para tabela `tbPrivileges`
--

DROP TABLE IF EXISTS `tbPrivileges`;
CREATE TABLE `tbPrivileges` (
  `idPrivilege` int(11) NOT NULL,
  `idEmployee` int(11) NOT NULL,
  `viewProducts` int(11) NOT NULL DEFAULT 1,
  `viewOrders` int(11) NOT NULL DEFAULT 1,
  `viewBoards` int(11) NOT NULL DEFAULT 1,
  `viewMonitor` int(11) NOT NULL DEFAULT 1,
  `viewDevices` int(11) NOT NULL DEFAULT 1,
  `viewIngredients` int(11) NOT NULL DEFAULT 1,
  `viewEmployees` int(11) NOT NULL DEFAULT 1,
  `viewReports` int(11) NOT NULL DEFAULT 1,
  `viewConfigs` int(11) NOT NULL DEFAULT 1
) ENGINE=InnoDB DEFAULT CHARSET=utf8;

--
-- Despejando dados para a tabela `tbPrivileges`
--

INSERT INTO `tbPrivileges` (`idPrivilege`, `idEmployee`, `viewProducts`, `viewOrders`, `viewBoards`, `viewMonitor`, `viewDevices`, `viewIngredients`, `viewEmployees`, `viewReports`, `viewConfigs`) VALUES
(1, 1, 1, 1, 1, 1, 1, 1, 1, 1, 1),
(2, 10, 0, 0, 0, 1, 0, 0, 0, 0, 0),
(3, 11, 0, 0, 1, 1, 1, 1, 1, 0, 1),
(4, 12, 1, 0, 1, 1, 1, 1, 0, 1, 0),
(5, 13, 1, 1, 1, 1, 1, 1, 1, 1, 1),
(6, 16, 0, 1, 1, 1, 1, 1, 1, 1, 1),
(7, 17, 1, 1, 1, 1, 1, 1, 1, 1, 0),
(8, 18, 1, 1, 1, 1, 1, 1, 0, 0, 0),
(9, 19, 1, 1, 1, 1, 1, 1, 1, 1, 1),
(10, 20, 1, 0, 1, 1, 1, 1, 1, 1, 1),
(11, 21, 1, 1, 1, 1, 1, 1, 1, 1, 1),
(12, 22, 0, 1, 1, 1, 1, 0, 0, 0, 0);

-- --------------------------------------------------------

--
-- Estrutura para tabela `tbProducts`
--

DROP TABLE IF EXISTS `tbProducts`;
CREATE TABLE `tbProducts` (
  `idProduct` int(11) NOT NULL,
  `idCompany` int(11) NOT NULL,
  `idProductCategory` int(11) NOT NULL,
  `vlUnity` decimal(8,2) NOT NULL DEFAULT 0.00,
  `desName` varchar(45) NOT NULL,
  `desNote` varchar(50) NOT NULL,
  `desImagePath` varchar(250) DEFAULT '/res/admin/img/sem_foto.png',
  `isActive` tinyint(4) NOT NULL DEFAULT 1,
  `dtRegister` datetime NOT NULL DEFAULT current_timestamp(),
  `isDeleted` tinyint(4) NOT NULL DEFAULT 0
) ENGINE=InnoDB DEFAULT CHARSET=utf8;

--
-- Despejando dados para a tabela `tbProducts`
--

INSERT INTO `tbProducts` (`idProduct`, `idCompany`, `idProductCategory`, `vlUnity`, `desName`, `desNote`, `desImagePath`, `isActive`, `dtRegister`, `isDeleted`) VALUES
(12, 1, 8, '0.00', 'jhjkh', 'jkhkjhkj', '/res/uploads/products/1554344672_UseCase Diagram0.jpg', 1, '2019-04-03 23:24:32', 1),
(13, 1, 11, '890.00', 'Diego', '20938', '/res/uploads/products/1555108931_unnamed.jpg', 1, '2019-04-03 23:27:55', 1),
(14, 1, 8, '98.00', 'Lanche da Ma', 'kljlk', '/res/uploads/products/1555030650_images.jpg', 1, '2019-04-03 23:28:44', 1),
(15, 1, 8, '897.00', 'djhd', 'ksaljdlkasjdklajsdklasjdklajskldjalksdjaskldjalksd', '/res/admin/img/sem_foto.png', 1, '2019-04-03 23:29:24', 1),
(16, 1, 8, '994.69', 'czc', 'jnjknj', '/res/admin/img/sem_foto.png', 1, '2019-04-03 23:31:52', 1),
(17, 1, 9, '14.00', 'X - Burguer', 'Big burguer, x-burguer salada especial da Vi', '/res/admin/img/sem_foto.png', 1, '2019-04-04 07:49:24', 1),
(18, 1, 11, '70.50', 'X Burguer 2', 'X burger 2 em 1', '/res/uploads/products/1554386244_x-burguer bem feito.png', 1, '2019-04-04 10:57:24', 0),
(19, 1, 9, '89.00', 'jkhkj', 'hkjhkjh', '/res/uploads/products/1555030500_download-2.jpeg', 1, '2019-04-04 10:58:34', 1),
(20, 1, 8, '78.00', 'kjhjhj', 'hjhjk', '/res/admin/img/sem_foto.png', 1, '2019-04-05 19:04:20', 1),
(21, 1, 9, '3156.00', 'Baconn', 'ajsdkj', '/res/uploads/products/1555107351_images.jpg', 0, '2019-04-12 19:15:51', 1),
(22, 1, 10, '123.00', 'Testeeeee', 'testeett', '/res/uploads/products/1555107392_adesivo-lanchonete-lanche-hamburguer-artesanal-fast-food-hd-adesivo-food.jpg', 0, '2019-04-12 19:16:32', 1),
(23, 1, 11, '25.00', 'X Tudo', 'teste', '/res/uploads/products/1555114808_images.jpg', 0, '2019-04-12 21:20:08', 0),
(24, 1, 11, '20.00', 'X Salada', 'salada', '/res/uploads/products/1555114819_images.jpg', 0, '2019-04-12 21:20:19', 0),
(25, 1, 11, '15.00', 'Teste1', 'teste1', '/res/uploads/products/1555114834_adesivo-lanchonete-lanche-hamburguer-artesanal-fast-food-hd-adesivo-food.jpg', 1, '2019-04-12 21:20:34', 1),
(26, 1, 11, '14.00', 'Hamburguer completo', 'Completo!', '/res/uploads/products/1555114849_adesivo-lanchonete-lanche-hamburguer-artesanal-fast-food-hd-adesivo-food.jpg', 1, '2019-04-12 21:20:49', 0),
(27, 1, 8, '12.00', 'teste4', 'teste4', '/res/admin/img/sem_foto.png', 1, '2019-04-12 21:29:57', 1),
(28, 1, 8, '10.00', 'teste5', 'teste5', '/res/admin/img/sem_foto.png', 1, '2019-04-12 21:30:07', 1),
(29, 1, 8, '20.00', 'teste6', 'teste6', '/res/admin/img/sem_foto.png', 1, '2019-04-12 21:30:17', 1),
(30, 1, 8, '30.00', 'Jack Daniels', 'Daniels Jack', '/res/uploads/products/1555553780_ci-jack-daniels-old-no-7-92707d5e737cf4ac.jpeg', 1, '2019-04-18 02:16:20', 0),
(31, 1, 8, '22.00', 'Amarula ', 'amarula 1 litro', '/res/uploads/products/1555553861_amarula.jpg', 1, '2019-04-18 02:17:41', 0),
(32, 1, 8, '28.00', 'Especial Alcool', 'bebida especial da casa', '/res/uploads/products/1555553886_586074.png', 1, '2019-04-18 02:18:06', 0),
(33, 1, 8, '20.00', 'Vodka', 'vodka especial', '/res/uploads/products/1555553957_5432286_1GG.jpg', 1, '2019-04-18 02:19:17', 0),
(34, 1, 9, '13.00', 'Ramen', 'massa ramen', '/res/uploads/products/1555554175_58931-ramen.jpg', 1, '2019-04-18 02:22:55', 0),
(35, 1, 9, '14.00', 'Massa Italiana', 'Massa do tipo italiana', '/res/uploads/products/1555554203_222massa.jpg', 1, '2019-04-18 02:23:23', 0),
(36, 1, 9, '11.00', 'Capa Massa', 'Massa capa especial', '/res/uploads/products/1555554230_Capa-Massa.jpg', 1, '2019-04-18 02:23:50', 0),
(37, 1, 9, '16.00', 'Massa da casa', 'Lorem Ipsum é simplesmente uma simulação de texto ', '/res/uploads/products/1555554277_massa1.jpg', 1, '2019-04-18 02:24:24', 0),
(38, 1, 9, '16.00', 'Vernicelli', 'Do tipo vernicelli', '/res/uploads/products/1555554367_vermicelli_upma_semiya_upma_recipe_gluten_free.jpg', 1, '2019-04-18 02:26:07', 0),
(39, 1, 9, '18.00', 'Uppa Vernicelli', 'Vernicelli tipo 2', '/res/uploads/products/1555554410_Vermicelli upma1.JPG', 1, '2019-04-18 02:26:50', 0),
(40, 1, 10, '22.00', 'Batata Frita', 'Porção comum de batata frita', '/res/uploads/products/1555554500_5716e77f-0da4-4b4a-b492-4064ac1f1305.jpg', 1, '2019-04-18 02:28:20', 0),
(41, 1, 10, '24.00', 'Mandioca Frita', 'Porção de mandioca frita', '/res/uploads/products/1555554527_964494000000-Mandioca-frita.jpg', 1, '2019-04-18 02:28:48', 0),
(42, 1, 10, '30.00', 'Batata Frita com Bacon', 'Porção de fritas com bacon', '/res/uploads/products/1555554557_porcao-de-batatas-fritas-grande-com-bancon-rechlanches-joinville.jpg', 1, '2019-04-18 02:29:17', 0),
(43, 1, 10, '32.00', 'Dupla mista', 'Porção de dupla mista', '/res/uploads/products/1555554612_porcaoduplamistaa.png', 1, '2019-04-18 02:30:12', 0),
(44, 1, 10, '27.00', 'Porção Torresmo', 'De torresmo especial', '/res/uploads/products/1555554684_porcao-de-torresmo.jpg', 1, '2019-04-18 02:31:24', 0),
(45, 1, 10, '35.00', 'Porção de peixe', 'De peixe', '/res/uploads/products/1555554745_downloadpeixeporcao.jpg', 1, '2019-04-18 02:32:25', 0),
(46, 1, 10, '17.00', 'Porção de Frios', 'Apenas frios', '/res/uploads/products/1555554804_58ef6b39-0698-49a0-bde7-0bdeac1f1e06.jpg', 1, '2019-04-18 02:33:24', 0),
(47, 1, 10, '24.00', 'Frango a passarinho', 'Porção de frango a passarinho', '/res/uploads/products/1555554862_5716e77f-33f0-40ab-a9e0-4064ac1f1305.jpg', 1, '2019-04-18 02:34:22', 0),
(48, 1, 12, '37.00', 'Pizza Italiana', 'Italiana apenas', '/res/uploads/products/1555554955_pizzaita.jpg', 1, '2019-04-18 02:35:55', 0),
(49, 1, 12, '33.00', 'Morango e Chocolate', 'Morango com chocolate', '/res/uploads/products/1555554988_pizza-de-chocolate.jpg', 1, '2019-04-18 02:36:28', 0),
(50, 1, 12, '28.00', 'Pizza de Chocolate', 'Apenas chocolate', '/res/uploads/products/1555555022_pizza-chocolate.jpg', 1, '2019-04-18 02:37:02', 0),
(51, 1, 12, '35.00', 'Pizza de Morango', 'Com morango apenas', '/res/uploads/products/1555555052_1506701024-massa-de-pizza_616x462.jpg', 1, '2019-04-18 02:37:32', 0),
(52, 1, 12, '31.50', 'Pizza 3 queijos', 'De 3 queijos', '/res/uploads/products/1555555086_pizza-de-3-queijos-15244.jpg', 1, '2019-04-18 02:38:06', 0),
(53, 1, 12, '34.00', 'Pizza Requeijão', 'Com Requeijão', '/res/uploads/products/1555555131_pizzademilhoerequeijao-2.jpg', 1, '2019-04-18 02:38:52', 0),
(54, 1, 10, '31.00', 'Mandioca e carne seca', 'Mandioca com carne seca!', '/res/uploads/products/1555555211_Mandiocacarneseca.jpg', 1, '2019-04-18 02:40:11', 0),
(55, 1, 11, '21.00', 'Burguer Vegano', 'Com carne de soja', '/res/uploads/products/1555555331_roasted-veggie-burgers-with-carrot-ketchup-XL-RECIPE0517.jpg', 1, '2019-04-18 02:42:11', 0),
(56, 1, 8, '5.00', 'Pitu', 'Aguardente de cana adoçada', '/res/uploads/products/1556018407_3b58de9fdf.jpg', 1, '2019-04-23 11:20:07', 0),
(57, 1, 8, '2.00', 'Corote Blueberry', 'Coquetel alcoólico', '/res/uploads/products/1556018655_cachaca-D_NP_813501-MLB27776406155_072018-Q.jpg', 1, '2019-04-23 11:24:15', 0),
(58, 1, 9, '30.00', 'Macarrão com Salshicha', 'Deliciosoooo!', '/res/uploads/products/1556060070_macarraocomsalsicha.jpg', 1, '2019-04-23 22:54:30', 0),
(59, 1, 12, '25082.00', 'Produto sem foto', 'teste', '/res/admin/img/sem_foto.png', 1, '2019-04-24 01:29:23', 1),
(60, 1, 9, '40.00', 'Macarrão Caseiro', 'Gostosooo!!', '/res/uploads/products/1556071871_receitas-de-macarrao-com-carne-moida.jpg', 1, '2019-04-24 02:11:11', 0),
(61, 1, 11, '20.00', 'X Bacon', 'Saboroso!!', '/res/uploads/products/1556100612_receita-x-bacon.jpg', 1, '2019-04-24 10:10:12', 0),
(62, 1, 8, '20.00', 'Suco de Laranja', 'Teste', '/res/uploads/products/1556108063_15561079556341719027630.jpg', 1, '2019-04-24 12:14:23', 1),
(63, 1, 8, '20.00', 'Suco de Laranja', 'Teste', '/res/uploads/products/1556108071_15561079556341719027630.jpg', 1, '2019-04-24 12:14:31', 1),
(64, 1, 10, '45.00', 'Lombo de Bacalhau', 'Bacalhau top!', '/res/uploads/products/1556114155_lombo-de-bacalhau-com-crosta-de-castanha.jpg', 1, '2019-04-24 13:55:55', 0),
(65, 1, 12, '500.00', 'Exemplo', 'só um exemplo', '/res/uploads/products/1556235147_408ryru2vzty.jpg', 1, '2019-04-25 23:32:27', 1),
(66, 1, 8, '7.00', 'y', 'y', '/res/admin/img/sem_foto.png', 1, '2019-04-27 15:12:04', 1),
(67, 1, 8, '5.00', 'Pepsi Twist', 'Pepsi twist lata 300ml', '/res/uploads/products/1556480812_760-large_defaulttwsit.jpg', 1, '2019-04-28 19:46:52', 0),
(68, 1, 8, '6.00', 'Fanta Uva', 'Fanta Uva 600 ml', '/res/uploads/products/1556480851_fantauva600ml.jpg', 1, '2019-04-28 19:47:31', 0),
(69, 1, 8, '4.50', 'Pepsi comum', 'Pepsi comum 300 ml', '/res/uploads/products/1556480891_downloadpepsiimage.jpg', 1, '2019-04-28 19:48:11', 0),
(70, 1, 8, '10.00', 'Orlando', 'teste', '/res/uploads/products/1557879353_56340135_426662348108832_8873774034106449920_n.png', 1, '2019-05-15 00:15:53', 1),
(71, 1, 8, '50.00', 'sda', 'asd', '/res/admin/img/sem_foto.png', 1, '2019-05-16 00:50:09', 1),
(72, 1, 14, '22.00', 'StarPark Sushi', 'Esse é um tipo de sushi', '/res/uploads/products/1557976020_startpaksushi.jpg', 1, '2019-05-16 03:07:00', 0),
(73, 1, 14, '19.00', 'Sushi Comum', 'Esse é o sushi convencional', '/res/uploads/products/1557976063_sushiComum.jpg', 1, '2019-05-16 03:07:43', 0),
(74, 1, 14, '31.00', 'Imperial Dynasty', 'Sushi do tipo imperial', '/res/uploads/products/1557976105_imperialDinasty.jpg', 1, '2019-05-16 03:08:25', 0),
(75, 1, 14, '41.00', 'Good Fortune', 'Do tipo chinês fortune', '/res/uploads/products/1557976189_GoodFortune.jpg', 1, '2019-05-16 03:09:49', 0),
(76, 1, 8, '3.00', 'Sprite', 'Sprite em lata', '/res/uploads/products/1557976259_sprite_ice_mint-1741285.jpg', 1, '2019-05-16 03:10:59', 0),
(77, 1, 8, '10.00', 'Teste', 'teste', '/res/admin/img/sem_foto.png', 1, '2019-05-16 23:14:58', 1),
(78, 1, 8, '97.00', 'White Walker', 'Jhonnie Walker - White Walker (Game of Thrones)', '/res/uploads/products/1558564852_white_walker.jpg', 1, '2019-05-22 22:40:52', 0);

-- --------------------------------------------------------

--
-- Estrutura para tabela `tbProductsCategories`
--

DROP TABLE IF EXISTS `tbProductsCategories`;
CREATE TABLE `tbProductsCategories` (
  `idProductCategory` int(11) NOT NULL,
  `idCompany` int(11) NOT NULL,
  `desName` varchar(45) NOT NULL,
  `desImagePath` varchar(250) DEFAULT '/res/admin/img/sem_foto.png',
  `dtRegister` datetime NOT NULL DEFAULT current_timestamp(),
  `isDeleted` tinyint(4) NOT NULL DEFAULT 0,
  `isActive` tinyint(4) NOT NULL DEFAULT 1
) ENGINE=InnoDB DEFAULT CHARSET=utf8;

--
-- Despejando dados para a tabela `tbProductsCategories`
--

INSERT INTO `tbProductsCategories` (`idProductCategory`, `idCompany`, `desName`, `desImagePath`, `dtRegister`, `isDeleted`, `isActive`) VALUES
(8, 1, 'Bebidas', '/res/uploads/productsCategories/1555704572_ja-san-miguel-1274325-unsplash.jpg', '2019-04-03 19:13:57', 0, 1),
(9, 1, 'Massas', '/res/uploads/productsCategories/1555704693_eiliv-sonas-aceron-769745-unsplash.jpg', '2019-04-03 19:14:01', 0, 1),
(10, 1, 'Porções', '/res/uploads/productsCategories/1555704780_neonbrand-571476-unsplash.jpg', '2019-04-03 23:33:04', 0, 1),
(11, 1, 'Lanches', '/res/uploads/productsCategories/1555704834_quentin-lagache-76503-unsplash.jpg', '2019-04-04 10:58:56', 0, 1),
(12, 1, 'Pizzas', '/res/uploads/productsCategories/1555704848_ivan-torres-478678-unsplash.jpg', '2019-04-18 02:34:55', 0, 1),
(13, 1, 'Teste', '/res/admin/img/sem_foto.png', '2019-04-18 18:54:29', 1, 1),
(14, 1, 'Comida Chinesa', '/res/uploads/productsCategories/1557975936_authentic-chinese-food-5.jpg', '2019-05-16 03:05:19', 0, 1),
(15, 1, 'Teste', '/res/admin/img/sem_foto.png', '2019-05-16 23:31:10', 1, 1);

-- --------------------------------------------------------

--
-- Estrutura para tabela `tbRequests`
--

DROP TABLE IF EXISTS `tbRequests`;
CREATE TABLE `tbRequests` (
  `idRequest` int(11) NOT NULL,
  `idOrder` int(11) NOT NULL,
  `desNote` varchar(250) DEFAULT NULL,
  `vlStatus` int(11) NOT NULL DEFAULT 0,
  `dtRegister` datetime NOT NULL DEFAULT current_timestamp(),
  `isDeleted` tinyint(4) NOT NULL DEFAULT 0
) ENGINE=InnoDB DEFAULT CHARSET=utf8;

--
-- Despejando dados para a tabela `tbRequests`
--

INSERT INTO `tbRequests` (`idRequest`, `idOrder`, `desNote`, `vlStatus`, `dtRegister`, `isDeleted`) VALUES
(1, 1, NULL, 1, '2019-04-23 00:42:19', 0),
(2, 2, NULL, 1, '2019-04-23 00:45:30', 0),
(3, 2, NULL, 1, '2019-04-23 00:49:13', 0),
(4, 3, NULL, 1, '2019-04-23 00:55:42', 0),
(5, 3, NULL, 1, '2019-04-23 00:57:04', 0),
(6, 3, NULL, 1, '2019-04-23 01:00:15', 0),
(7, 4, NULL, 1, '2019-04-23 01:06:51', 0),
(8, 5, NULL, 1, '2019-04-23 04:13:31', 0),
(9, 6, NULL, 1, '2019-04-23 04:17:47', 0),
(10, 6, NULL, 1, '2019-04-23 04:25:08', 0),
(11, 6, NULL, 1, '2019-04-23 04:25:42', 0),
(12, 6, NULL, 1, '2019-04-23 04:27:09', 0),
(13, 7, NULL, 1, '2019-04-23 04:28:36', 0),
(14, 8, NULL, 1, '2019-04-23 04:46:50', 0),
(15, 8, NULL, 1, '2019-04-23 04:47:16', 0),
(16, 8, NULL, 1, '2019-04-23 04:48:52', 0),
(17, 8, NULL, 1, '2019-04-23 04:50:56', 0),
(18, 9, NULL, 1, '2019-04-23 04:54:40', 0),
(19, 12, NULL, 1, '2019-04-23 12:31:41', 0),
(20, 12, NULL, 1, '2019-04-23 12:31:47', 0),
(21, 12, NULL, 1, '2019-04-23 12:31:51', 0),
(22, 12, NULL, 1, '2019-04-23 12:32:02', 0),
(23, 12, NULL, 1, '2019-04-23 12:32:05', 0),
(24, 12, NULL, 1, '2019-04-23 12:32:14', 0),
(25, 12, NULL, 1, '2019-04-23 12:32:25', 0),
(26, 13, NULL, 1, '2019-04-23 13:14:26', 0),
(27, 13, NULL, 1, '2019-04-23 13:14:44', 0),
(28, 14, NULL, 1, '2019-04-23 14:11:17', 0),
(29, 14, NULL, 1, '2019-04-23 14:11:34', 0),
(30, 14, NULL, 1, '2019-04-23 14:12:19', 0),
(31, 14, NULL, 1, '2019-04-23 14:12:57', 0),
(32, 15, NULL, 1, '2019-04-23 15:54:24', 0),
(33, 16, NULL, 1, '2019-04-23 16:32:43', 0),
(34, 16, NULL, 1, '2019-04-23 16:34:50', 0),
(35, 19, NULL, 1, '2019-04-23 22:25:13', 0),
(36, 19, NULL, 1, '2019-04-23 22:25:19', 0),
(37, 19, NULL, 1, '2019-04-23 22:25:50', 0),
(38, 19, NULL, 1, '2019-04-23 22:26:20', 0),
(39, 19, NULL, 1, '2019-04-23 22:27:31', 0),
(40, 20, NULL, 1, '2019-04-23 22:29:07', 0),
(41, 21, NULL, 1, '2019-04-23 22:30:16', 0),
(42, 24, NULL, 1, '2019-04-23 22:44:18', 0),
(43, 24, NULL, 1, '2019-04-23 22:44:31', 0),
(44, 24, NULL, 1, '2019-04-23 22:45:23', 0),
(45, 25, NULL, 1, '2019-04-23 22:48:31', 0),
(46, 27, NULL, 1, '2019-04-23 22:52:45', 0),
(47, 28, NULL, 1, '2019-04-23 22:57:20', 0),
(48, 27, NULL, 1, '2019-04-23 23:09:01', 0),
(49, 27, NULL, 1, '2019-04-23 23:10:48', 0),
(50, 34, NULL, 1, '2019-04-23 23:46:56', 0),
(51, 36, NULL, 1, '2019-04-23 23:57:45', 0),
(52, 39, NULL, 1, '2019-04-24 00:11:37', 0),
(53, 42, NULL, 1, '2019-04-24 01:28:04', 0),
(54, 43, NULL, 1, '2019-04-24 02:07:51', 0),
(55, 43, NULL, 1, '2019-04-24 02:08:50', 0),
(56, 54, NULL, 1, '2019-04-24 04:23:38', 0),
(57, 54, NULL, 1, '2019-04-24 04:28:26', 0),
(58, 54, NULL, 1, '2019-04-24 04:30:10', 0),
(59, 55, NULL, 1, '2019-04-24 04:38:33', 0),
(60, 57, NULL, 1, '2019-04-24 04:48:09', 0),
(61, 58, NULL, 1, '2019-04-24 10:11:25', 0),
(62, 58, NULL, 1, '2019-04-24 10:15:28', 0),
(63, 58, NULL, 1, '2019-04-24 10:16:07', 0),
(64, 59, NULL, 1, '2019-04-24 11:56:53', 0),
(65, 59, NULL, 1, '2019-04-24 12:01:41', 0),
(66, 62, NULL, 1, '2019-04-24 13:53:26', 0),
(67, 62, NULL, 1, '2019-04-24 13:54:13', 0),
(68, 62, NULL, 1, '2019-04-24 13:54:35', 0),
(69, 62, NULL, 1, '2019-04-24 13:56:24', 0),
(70, 64, NULL, 1, '2019-04-24 16:04:33', 0),
(71, 68, NULL, 1, '2019-04-24 21:56:50', 0),
(72, 69, NULL, 1, '2019-04-24 21:56:54', 0),
(73, 68, NULL, 1, '2019-04-24 22:11:32', 0),
(74, 68, NULL, 1, '2019-04-24 22:14:03', 0),
(75, 68, NULL, 1, '2019-04-24 22:23:46', 0),
(76, 68, NULL, 1, '2019-04-24 22:33:05', 0),
(77, 68, NULL, 1, '2019-04-24 22:41:29', 0),
(78, 68, NULL, 1, '2019-04-24 22:42:34', 0),
(79, 68, NULL, 1, '2019-04-24 22:46:47', 0),
(80, 68, NULL, 1, '2019-04-24 22:49:40', 0),
(81, 68, NULL, 1, '2019-04-24 22:51:47', 0),
(82, 68, NULL, 1, '2019-04-24 23:40:18', 0),
(91, 70, NULL, 1, '2019-04-25 12:06:02', 0),
(92, 75, NULL, 1, '2019-04-25 16:42:56', 0),
(93, 76, NULL, 1, '2019-04-25 16:47:17', 0),
(94, 79, NULL, 1, '2019-04-25 19:15:32', 0),
(95, 79, NULL, 1, '2019-04-25 19:56:07', 0),
(96, 79, NULL, 1, '2019-04-25 19:56:50', 0),
(97, 79, NULL, 1, '2019-04-25 20:00:37', 0),
(98, 79, NULL, 1, '2019-04-25 20:00:37', 0),
(99, 79, NULL, 1, '2019-04-25 20:28:13', 0),
(100, 80, NULL, 1, '2019-04-25 21:38:46', 0),
(101, 81, NULL, 1, '2019-04-25 21:56:04', 0),
(102, 81, NULL, 1, '2019-04-25 22:01:22', 0),
(103, 81, NULL, 1, '2019-04-25 22:02:30', 0),
(104, 81, NULL, 1, '2019-04-25 22:12:11', 0),
(105, 82, NULL, 1, '2019-04-25 22:28:33', 0),
(106, 84, NULL, 1, '2019-04-25 23:30:34', 0),
(107, 85, NULL, 1, '2019-04-25 23:35:07', 0),
(108, 85, NULL, 1, '2019-04-25 23:35:37', 0),
(109, 87, NULL, 1, '2019-04-26 00:12:35', 0),
(110, 93, NULL, 1, '2019-04-26 01:58:08', 0),
(111, 93, NULL, 1, '2019-04-26 01:59:54', 0),
(112, 101, NULL, 1, '2019-04-26 02:53:54', 0),
(113, 101, NULL, 1, '2019-04-26 02:53:55', 0),
(114, 101, NULL, 1, '2019-04-26 02:55:15', 0),
(115, 101, NULL, 1, '2019-04-26 02:55:15', 0),
(116, 102, NULL, 1, '2019-04-26 03:03:06', 0),
(117, 102, NULL, 1, '2019-04-26 03:06:42', 0),
(118, 102, NULL, 1, '2019-04-26 03:10:39', 0),
(119, 102, NULL, 1, '2019-04-26 03:11:29', 0),
(120, 103, NULL, 1, '2019-04-26 03:19:38', 0),
(121, 103, NULL, 1, '2019-04-26 03:20:42', 0),
(122, 105, NULL, 1, '2019-04-26 10:29:10', 0),
(123, 105, NULL, 1, '2019-04-26 10:29:45', 0),
(124, 105, NULL, 1, '2019-04-26 10:30:04', 0),
(125, 106, NULL, 1, '2019-04-26 11:05:18', 0),
(126, 107, NULL, 1, '2019-04-26 12:32:23', 0),
(127, 108, NULL, 1, '2019-04-26 13:56:27', 0),
(128, 109, NULL, 1, '2019-04-26 15:59:56', 0),
(129, 109, NULL, 1, '2019-04-26 16:01:28', 0),
(130, 111, NULL, 1, '2019-04-26 20:00:41', 0),
(131, 111, NULL, 1, '2019-04-26 20:00:42', 0),
(132, 111, NULL, 1, '2019-04-26 20:00:42', 0),
(133, 111, NULL, 1, '2019-04-26 20:00:42', 0),
(134, 111, NULL, 1, '2019-04-26 20:00:43', 0),
(135, 111, NULL, 1, '2019-04-26 20:00:43', 0),
(136, 111, NULL, 1, '2019-04-26 20:00:44', 0),
(137, 111, NULL, 1, '2019-04-26 20:00:44', 0),
(138, 111, NULL, 1, '2019-04-26 20:00:44', 0),
(139, 111, NULL, 1, '2019-04-26 20:00:44', 0),
(140, 111, NULL, 1, '2019-04-26 20:00:45', 0),
(141, 110, NULL, 1, '2019-04-26 20:04:38', 0),
(142, 110, NULL, 1, '2019-04-26 20:05:01', 0),
(143, 110, NULL, 1, '2019-04-26 20:05:20', 0),
(144, 110, NULL, 1, '2019-04-26 20:06:11', 0),
(145, 110, NULL, 1, '2019-04-26 20:07:34', 0),
(146, 110, NULL, 1, '2019-04-26 20:08:41', 0),
(147, 110, NULL, 1, '2019-04-26 20:09:17', 0),
(148, 110, NULL, 1, '2019-04-26 20:11:55', 0),
(149, 113, NULL, 1, '2019-04-26 20:42:08', 0),
(150, 115, NULL, 1, '2019-04-26 21:54:34', 0),
(151, 116, NULL, 1, '2019-04-26 22:14:50', 0),
(152, 116, NULL, 1, '2019-04-26 22:17:12', 0),
(153, 118, NULL, 1, '2019-04-27 00:04:59', 0),
(154, 122, NULL, 1, '2019-04-27 01:20:01', 0),
(155, 123, NULL, 1, '2019-04-27 01:23:36', 0),
(156, 123, NULL, 1, '2019-04-27 01:24:58', 0),
(157, 125, NULL, 1, '2019-04-27 05:14:34', 0),
(158, 126, NULL, 1, '2019-04-27 05:22:22', 0),
(159, 127, NULL, 1, '2019-04-27 09:39:00', 0),
(160, 127, NULL, 1, '2019-04-27 10:20:51', 0),
(161, 128, NULL, 1, '2019-04-27 11:50:09', 0),
(162, 129, NULL, 1, '2019-04-27 12:50:03', 0),
(163, 130, NULL, 1, '2019-04-27 13:47:57', 0),
(164, 131, NULL, 1, '2019-04-27 14:13:30', 0),
(165, 131, NULL, 1, '2019-04-27 14:13:44', 0),
(166, 138, NULL, 1, '2019-04-27 16:02:01', 0),
(167, 140, NULL, 1, '2019-04-27 16:19:40', 0),
(168, 143, NULL, 1, '2019-04-27 17:45:49', 0),
(169, 143, NULL, 1, '2019-04-27 17:58:16', 0),
(170, 151, NULL, 1, '2019-04-27 19:17:39', 0),
(171, 155, NULL, 1, '2019-04-27 23:18:10', 0),
(172, 156, NULL, 1, '2019-04-28 00:24:53', 0),
(173, 201, NULL, 1, '2019-04-28 14:27:16', 0),
(174, 201, NULL, 1, '2019-04-28 14:27:48', 0),
(175, 229, NULL, 1, '2019-04-28 19:42:28', 0),
(176, 229, NULL, 1, '2019-04-28 19:49:18', 0),
(177, 229, NULL, 1, '2019-04-28 19:53:42', 0),
(178, 230, NULL, 1, '2019-04-28 20:19:27', 0),
(179, 231, NULL, 1, '2019-04-28 20:20:20', 0),
(180, 230, NULL, 1, '2019-04-28 20:51:40', 0),
(181, 241, NULL, 1, '2019-04-29 04:07:13', 0),
(182, 242, NULL, 1, '2019-04-29 12:46:43', 0),
(183, 243, NULL, 1, '2019-04-29 13:42:20', 0),
(184, 244, NULL, 1, '2019-04-29 13:44:06', 0),
(185, 245, NULL, 1, '2019-04-29 15:10:31', 0),
(186, 246, NULL, 1, '2019-04-29 15:12:40', 0),
(187, 247, NULL, 1, '2019-04-29 15:14:02', 0),
(188, 248, NULL, 1, '2019-04-29 16:08:39', 0),
(189, 248, NULL, 1, '2019-04-29 16:08:56', 0),
(190, 251, NULL, 1, '2019-04-29 16:58:09', 0),
(191, 251, NULL, 1, '2019-04-29 17:09:37', 0),
(192, 255, NULL, 1, '2019-04-29 17:37:46', 0),
(193, 257, NULL, 1, '2019-04-29 18:54:49', 0),
(194, 258, NULL, 1, '2019-04-29 20:41:42', 0),
(195, 265, NULL, 1, '2019-04-30 01:48:35', 0),
(196, 265, NULL, 1, '2019-04-30 01:50:07', 0),
(197, 265, NULL, 1, '2019-04-30 01:59:01', 0),
(198, 267, NULL, 1, '2019-04-30 02:27:59', 0),
(199, 286, NULL, 1, '2019-04-30 04:22:00', 0),
(200, 288, NULL, 1, '2019-04-30 10:27:07', 0),
(201, 289, NULL, 1, '2019-04-30 10:30:29', 0),
(202, 298, NULL, 1, '2019-04-30 22:06:55', 0),
(203, 299, NULL, 1, '2019-04-30 22:12:11', 0),
(204, 299, NULL, 1, '2019-04-30 22:31:06', 0),
(205, 305, NULL, 1, '2019-05-01 03:37:50', 0),
(206, 305, NULL, 1, '2019-05-01 03:38:49', 0),
(207, 308, NULL, 1, '2019-05-01 03:52:41', 0),
(208, 312, NULL, 1, '2019-05-01 13:04:38', 0),
(209, 316, NULL, 1, '2019-05-01 15:32:50', 0),
(210, 321, NULL, 1, '2019-05-01 21:19:51', 0),
(211, 322, NULL, 1, '2019-05-01 21:40:45', 0),
(212, 323, NULL, 1, '2019-05-01 21:56:33', 0),
(213, 324, NULL, 1, '2019-05-02 10:10:32', 0),
(214, 326, NULL, 1, '2019-05-02 16:39:46', 0),
(215, 327, NULL, 1, '2019-05-02 17:45:20', 0),
(216, 327, NULL, 1, '2019-05-02 17:45:53', 0),
(217, 328, NULL, 1, '2019-05-02 17:48:35', 0),
(218, 328, NULL, 1, '2019-05-02 17:48:55', 0),
(219, 332, NULL, 1, '2019-05-03 00:10:04', 0),
(220, 334, NULL, 1, '2019-05-03 00:42:10', 0),
(221, 334, NULL, 1, '2019-05-03 00:43:32', 0),
(222, 334, NULL, 1, '2019-05-03 00:45:46', 0),
(223, 335, NULL, 1, '2019-05-03 00:47:47', 0),
(224, 349, NULL, 1, '2019-05-03 22:09:44', 0),
(225, 354, NULL, 1, '2019-05-03 23:39:00', 0),
(226, 355, NULL, 1, '2019-05-04 00:13:12', 0),
(227, 356, NULL, 1, '2019-05-04 00:54:06', 0),
(228, 356, NULL, 1, '2019-05-04 00:57:44', 0),
(229, 356, NULL, 1, '2019-05-04 01:00:03', 0),
(230, 356, NULL, 1, '2019-05-04 01:05:31', 0),
(231, 356, NULL, 1, '2019-05-04 01:07:41', 0),
(232, 356, NULL, 1, '2019-05-04 01:09:22', 0),
(233, 376, NULL, 1, '2019-05-04 04:13:25', 0),
(234, 376, NULL, 1, '2019-05-04 04:13:50', 0),
(235, 377, NULL, 1, '2019-05-04 04:17:45', 0),
(236, 377, NULL, 1, '2019-05-04 04:18:14', 0),
(237, 385, NULL, 1, '2019-05-04 12:21:34', 0),
(238, 385, NULL, 1, '2019-05-04 12:22:20', 0),
(239, 387, NULL, 1, '2019-05-04 14:00:44', 0),
(240, 387, NULL, 1, '2019-05-04 14:01:54', 0),
(241, 388, NULL, 1, '2019-05-04 14:04:37', 0),
(242, 399, NULL, 1, '2019-05-04 14:19:05', 0),
(243, 400, NULL, 1, '2019-05-04 14:29:49', 0),
(244, 401, NULL, 1, '2019-05-04 14:31:03', 0),
(245, 402, NULL, 1, '2019-05-04 14:32:23', 0),
(246, 403, NULL, 1, '2019-05-04 14:33:57', 0),
(247, 403, NULL, 1, '2019-05-04 14:35:52', 0),
(248, 407, NULL, 1, '2019-05-04 15:23:00', 0),
(249, 408, NULL, 1, '2019-05-04 15:43:45', 0),
(250, 409, NULL, 1, '2019-05-04 18:06:07', 0),
(251, 410, NULL, 1, '2019-05-04 18:09:47', 0),
(252, 410, NULL, 1, '2019-05-04 18:17:28', 0),
(253, 413, NULL, 1, '2019-05-04 19:37:28', 0),
(254, 414, NULL, 1, '2019-05-04 20:16:56', 0),
(255, 415, NULL, 1, '2019-05-04 21:13:48', 0),
(256, 415, NULL, 1, '2019-05-04 21:16:15', 0),
(257, 415, NULL, 1, '2019-05-04 21:19:14', 0),
(258, 416, NULL, 1, '2019-05-04 22:26:26', 0),
(259, 417, NULL, 1, '2019-05-05 00:58:15', 0),
(260, 419, NULL, 1, '2019-05-06 01:22:08', 0),
(261, 419, NULL, 1, '2019-05-06 01:30:02', 0),
(262, 419, NULL, 1, '2019-05-06 01:36:40', 0),
(263, 420, NULL, 1, '2019-05-06 02:17:55', 0),
(264, 419, NULL, 1, '2019-05-06 02:19:26', 0),
(265, 419, NULL, 1, '2019-05-06 02:20:50', 0),
(266, 421, NULL, 1, '2019-05-06 02:30:38', 0),
(267, 422, NULL, 1, '2019-05-06 02:37:09', 0),
(268, 422, NULL, 1, '2019-05-06 02:48:15', 0),
(269, 422, NULL, 1, '2019-05-06 02:52:05', 0),
(270, 422, NULL, 1, '2019-05-06 03:01:50', 0),
(271, 423, NULL, 1, '2019-05-06 03:52:42', 0),
(272, 423, NULL, 1, '2019-05-06 03:53:23', 0),
(273, 423, NULL, 1, '2019-05-06 03:53:51', 0),
(274, 424, NULL, 1, '2019-05-06 03:59:21', 0),
(275, 424, NULL, 1, '2019-05-06 04:00:19', 0),
(276, 424, NULL, 1, '2019-05-06 04:03:24', 0),
(277, 425, NULL, 1, '2019-05-06 09:51:07', 0),
(278, 425, NULL, 1, '2019-05-06 09:51:19', 0),
(279, 425, NULL, 1, '2019-05-06 09:53:20', 0),
(280, 425, NULL, 1, '2019-05-06 09:53:52', 0),
(281, 426, NULL, 1, '2019-05-06 10:51:38', 0),
(282, 427, NULL, 1, '2019-05-06 11:16:14', 0),
(283, 429, NULL, 1, '2019-05-06 17:45:00', 0),
(284, 429, NULL, 1, '2019-05-06 17:45:43', 0),
(285, 430, NULL, 1, '2019-05-06 22:03:46', 0),
(287, 433, NULL, 1, '2019-05-06 22:51:19', 0),
(288, 434, NULL, 1, '2019-05-06 22:53:16', 0),
(289, 438, NULL, 1, '2019-05-06 23:15:27', 0),
(290, 438, NULL, 1, '2019-05-06 23:16:11', 0),
(291, 439, NULL, 1, '2019-05-06 23:51:48', 0),
(292, 441, NULL, 1, '2019-05-06 23:59:54', 0),
(293, 442, NULL, 1, '2019-05-07 00:03:00', 0),
(294, 442, NULL, 1, '2019-05-07 00:05:00', 0),
(295, 442, NULL, 1, '2019-05-07 00:07:10', 0),
(296, 443, NULL, 1, '2019-05-07 00:09:25', 0),
(297, 444, NULL, 1, '2019-05-07 00:12:46', 0),
(298, 445, NULL, 1, '2019-05-07 00:13:22', 0),
(299, 445, NULL, 1, '2019-05-07 00:24:42', 0),
(300, 446, NULL, 1, '2019-05-07 01:25:02', 0),
(301, 446, NULL, 1, '2019-05-07 01:25:53', 0),
(302, 447, NULL, 1, '2019-05-07 01:30:59', 0),
(303, 447, NULL, 1, '2019-05-07 01:31:57', 0),
(304, 448, NULL, 1, '2019-05-07 03:27:46', 0),
(305, 448, NULL, 1, '2019-05-07 03:29:08', 0),
(306, 449, NULL, 1, '2019-05-07 04:21:46', 0),
(307, 449, NULL, 1, '2019-05-07 04:24:02', 0),
(308, 449, NULL, 1, '2019-05-07 04:26:44', 0),
(309, 450, NULL, 1, '2019-05-07 10:07:19', 0),
(310, 450, NULL, 1, '2019-05-07 10:08:27', 0),
(311, 450, NULL, 1, '2019-05-07 10:17:54', 0),
(312, 452, NULL, 1, '2019-05-07 11:38:29', 0),
(313, 452, NULL, 1, '2019-05-07 11:39:57', 0),
(314, 452, NULL, 1, '2019-05-07 11:41:47', 0),
(315, 452, NULL, 1, '2019-05-07 11:42:19', 0),
(316, 452, NULL, 1, '2019-05-07 11:42:32', 0),
(317, 452, NULL, 1, '2019-05-07 11:42:44', 0),
(318, 453, NULL, 1, '2019-05-07 11:54:45', 0),
(319, 454, NULL, 1, '2019-05-07 11:54:57', 0),
(320, 453, NULL, 1, '2019-05-07 11:55:08', 0),
(321, 454, NULL, 1, '2019-05-07 11:55:13', 0),
(322, 455, NULL, 1, '2019-05-07 14:30:26', 0),
(323, 455, NULL, 1, '2019-05-07 14:31:20', 0),
(324, 456, NULL, 1, '2019-05-07 19:07:36', 0),
(325, 459, NULL, 1, '2019-05-07 22:51:13', 0),
(326, 462, NULL, 1, '2019-05-07 23:35:55', 0),
(327, 462, NULL, 1, '2019-05-07 23:39:00', 0),
(328, 464, NULL, 1, '2019-05-08 01:17:55', 0),
(329, 464, NULL, 1, '2019-05-08 01:18:41', 0),
(330, 468, NULL, 1, '2019-05-08 03:46:35', 0),
(331, 468, '', 1, '2019-05-08 03:52:01', 0),
(332, 468, '', 1, '2019-05-08 03:53:16', 0),
(333, 468, '', 1, '2019-05-08 03:53:42', 0),
(334, 468, '', 1, '2019-05-08 03:54:33', 0),
(335, 468, 'Pepsi é melhor que coca, é isto\n', 1, '2019-05-08 03:56:32', 0),
(336, 468, 'Fazendo um cometnaário enorme aqui para testar Como vai ficar dentro day view, tá misturando Ingles e portuues poor alguma razoo', 1, '2019-05-08 04:05:42', 0),
(337, 469, 'Tirar o hambúrguer do X Tudo', 1, '2019-05-08 04:51:12', 0),
(338, 469, 'Tirar a salsicha do macarrão por favor, na verdade só quero escrever algo aqui para testar como que vai aparecer a observação na outra tela, pois esse é apenas um teste, como tudo na vida, não é mesmo', 1, '2019-05-08 04:53:47', 0),
(339, 469, '', 1, '2019-05-08 04:54:56', 0),
(340, 469, 'Mais um outro teste', 1, '2019-05-08 04:56:26', 0),
(341, 469, '', 1, '2019-05-08 04:57:53', 0),
(342, 470, 'Gggggggaggagw', 1, '2019-05-08 10:11:25', 0),
(343, 471, NULL, 1, '2019-05-08 10:47:50', 0),
(344, 473, 'Tirar x coisa', 1, '2019-05-08 11:00:50', 0),
(345, 473, '', 1, '2019-05-08 11:24:52', 0),
(346, 473, '', 1, '2019-05-08 11:25:18', 0),
(347, 473, '', 1, '2019-05-08 11:25:46', 0),
(348, 473, 'Teste', 1, '2019-05-08 11:26:07', 0),
(349, 473, '', 1, '2019-05-08 11:27:26', 0),
(350, 474, '', 1, '2019-05-08 13:42:53', 0),
(351, 474, 'Com muito gelo.', 1, '2019-05-08 13:50:30', 0),
(352, 475, 'Mais um teste aleatório', 1, '2019-05-08 15:01:47', 0),
(353, 475, '', 1, '2019-05-08 15:35:45', 0),
(354, 476, '', 1, '2019-05-08 15:37:12', 0),
(355, 476, 'Jjjdjwisbdj', 1, '2019-05-08 15:38:22', 0),
(356, 476, 'You are my Sunshine ????', 1, '2019-05-08 15:39:03', 0),
(357, 477, 'Olha só, mais um teste', 1, '2019-05-08 18:12:25', 0),
(358, 477, 'Tudo pizza', 1, '2019-05-08 18:13:33', 0),
(359, 478, 'Sem molho', 1, '2019-05-08 19:16:09', 0),
(360, 479, '', 1, '2019-05-08 22:02:34', 0),
(361, 479, '', 1, '2019-05-08 22:03:48', 0),
(362, 480, 'Douglas Quer tirar algo', 1, '2019-05-08 22:25:58', 0),
(363, 480, '', 1, '2019-05-08 22:26:16', 0),
(364, 480, '', 1, '2019-05-08 22:43:30', 0),
(365, 485, '', 1, '2019-05-08 23:04:19', 0),
(366, 486, '', 1, '2019-05-08 23:24:27', 0),
(367, 490, '', 1, '2019-05-09 00:01:28', 0),
(368, 493, '', 1, '2019-05-09 00:23:16', 0),
(369, 500, '', 1, '2019-05-09 03:00:48', 0),
(370, 503, 'Olha ŝi esse eh um twztskakabsjkansjskansbdksndksksjsjsbsjjsjsjsjnsjsksbskakakaksksjsnsbsjksjshsjdockdkdkfnxjjdksjsjsjdjsksjsjsjsksksksksknsnsnsjsjsjsjjs', 1, '2019-05-09 03:45:20', 0),
(371, 504, 'Kkkjjjj', 1, '2019-05-09 03:45:58', 0),
(372, 507, '', 1, '2019-05-09 11:57:07', 0),
(373, 508, 'Teste', 1, '2019-05-09 12:34:02', 0),
(374, 508, '', 1, '2019-05-09 12:34:35', 0),
(375, 510, 'Retire a massa\nRetire a casa', 1, '2019-05-09 23:30:33', 0),
(376, 511, '', 1, '2019-05-09 23:32:26', 0),
(377, 512, '', 1, '2019-05-10 01:10:44', 0),
(378, 513, 'Sem alface', 1, '2019-05-10 02:43:40', 0),
(379, 513, '', 1, '2019-05-10 02:44:54', 0),
(380, 512, '', 1, '2019-05-10 03:18:14', 0),
(381, 512, 'O mais rápido possível\nPois estamos com pressa\nÉ isso', 1, '2019-05-10 03:23:32', 0),
(382, 514, '', 1, '2019-05-10 03:57:10', 0),
(383, 512, 'Bom, esse é apenas um teste para ver como fica na renderização do app', 1, '2019-05-10 04:23:42', 0),
(384, 512, '', 1, '2019-05-10 04:24:47', 0),
(385, 512, 'Hykjbjjjb', 1, '2019-05-10 04:27:14', 0),
(386, 512, '', 1, '2019-05-10 10:15:44', 0),
(387, 515, 'Olá', 1, '2019-05-10 10:47:43', 0),
(388, 513, 'Sem alface', 1, '2019-05-10 10:53:22', 0),
(389, 512, 'Mais um twste', 1, '2019-05-10 11:37:43', 0),
(390, 512, '', 1, '2019-05-10 11:50:39', 0),
(391, 513, '', 1, '2019-05-10 14:54:39', 0),
(392, 513, '', 1, '2019-05-10 14:57:41', 0),
(393, 513, '', 1, '2019-05-10 20:54:45', 0),
(394, 512, '', 1, '2019-05-10 21:54:10', 0),
(395, 512, 'Então né', 1, '2019-05-10 22:24:09', 0),
(396, 512, 'Heyliauyaah\nKsjdndkdkdkdojdjsjdidbjsksjdhsjskskdbshdjkdosjshs', 1, '2019-05-11 00:09:19', 0),
(397, 512, '', 1, '2019-05-11 02:39:46', 0),
(398, 512, '', 1, '2019-05-11 03:05:45', 0),
(399, 516, '', 1, '2019-05-11 03:21:50', 0),
(400, 516, '', 1, '2019-05-11 03:32:26', 0),
(401, 516, '', 1, '2019-05-11 03:46:19', 0),
(402, 512, '', 1, '2019-05-11 04:33:24', 0),
(403, 517, '', 1, '2019-05-11 11:06:51', 0),
(404, 518, 'Teste', 1, '2019-05-11 13:23:38', 0),
(405, 516, '', 1, '2019-05-11 14:53:42', 0),
(406, 516, '', 1, '2019-05-11 14:57:25', 0),
(407, 512, '', 1, '2019-05-11 14:59:08', 0),
(408, 520, '', 1, '2019-05-11 15:09:07', 0),
(409, 512, '', 1, '2019-05-11 15:14:04', 0),
(410, 524, '', 1, '2019-05-11 15:16:34', 0),
(411, 525, '', 1, '2019-05-11 15:20:39', 0),
(412, 525, 'Jshsjobser aksns\n', 1, '2019-05-11 15:23:01', 0),
(413, 526, '', 1, '2019-05-11 16:11:13', 0),
(414, 527, 'Fazendo um teste\n', 1, '2019-05-11 18:08:39', 0),
(415, 527, 'Kkkkkjjjjyygjoohggyuigreeegghijj', 1, '2019-05-11 22:35:23', 0),
(416, 528, 'Teste', 1, '2019-05-12 00:22:12', 0),
(417, 528, '', 1, '2019-05-12 00:24:36', 0),
(418, 526, '', 1, '2019-05-12 01:38:45', 0),
(419, 527, '', 1, '2019-05-12 01:51:35', 0),
(420, 533, 'This is only a test, so that we can check out how the render os the comments is showing up on the user\'s screen', 1, '2019-05-12 02:55:21', 0),
(421, 533, '', 1, '2019-05-12 03:38:19', 0),
(422, 533, '', 1, '2019-05-12 03:47:00', 0),
(423, 534, 'Por favor enviar 50 sacos de gelo para usar com as 145 garrafas de Vodka. ????', 1, '2019-05-12 03:49:11', 0),
(424, 533, '', 1, '2019-05-12 15:18:48', 0),
(425, 535, '', 1, '2019-05-12 16:24:38', 0),
(426, 525, 'Sim', 1, '2019-05-12 18:03:21', 0),
(427, 525, '', 1, '2019-05-12 18:03:56', 0),
(428, 537, '', 1, '2019-05-12 20:42:10', 0),
(429, 525, '', 1, '2019-05-12 20:59:43', 0),
(430, 525, 'Testando no celular outro apenasjdjdjwksjjdisjshdhdjdkdkdjdjdjdjjdjdjdjdjdjdjjdjdjddjjdjdjdjdhdjdhdhdhdjdjdjdjdhdjfifkfkfkfjfjfjdjsjdjjdjd\n\n', 1, '2019-05-12 21:02:27', 0),
(431, 517, '', 1, '2019-05-12 23:22:36', 0),
(432, 537, '', 1, '2019-05-12 23:58:05', 0),
(433, 528, '', 1, '2019-05-13 10:51:00', 0),
(434, 537, '', 1, '2019-05-13 12:50:12', 0),
(435, 537, '', 1, '2019-05-13 15:19:05', 0),
(436, 537, 'Tirar coca', 1, '2019-05-13 15:33:51', 0),
(437, 537, '', 1, '2019-05-13 18:30:30', 0),
(438, 537, '', 1, '2019-05-13 19:15:48', 0),
(439, 537, '', 1, '2019-05-13 20:43:19', 0),
(440, 538, '', 1, '2019-05-13 22:13:43', 0),
(441, 537, '', 1, '2019-05-13 22:14:42', 0),
(442, 537, '', 1, '2019-05-13 22:16:27', 0),
(443, 537, 'Este teste de novo', 1, '2019-05-13 22:30:11', 0),
(444, 537, '', 1, '2019-05-13 23:31:06', 0),
(445, 537, 'Ury', 1, '2019-05-14 02:07:57', 0),
(446, 537, 'E isso', 1, '2019-05-14 11:39:23', 0),
(447, 537, '', 1, '2019-05-14 13:55:05', 0),
(448, 537, 'Fazando teste aleatório', 1, '2019-05-14 17:44:06', 0),
(449, 537, '', 1, '2019-05-14 17:51:21', 0),
(450, 537, '', 1, '2019-05-14 21:52:14', 0),
(451, 517, 'Corote ', 1, '2019-05-15 00:20:12', 0),
(452, 541, '', 1, '2019-05-15 00:21:40', 0),
(453, 542, '', 1, '2019-05-15 02:03:18', 0),
(454, 543, 'X Bacon sem bacon', 1, '2019-05-15 10:26:23', 0),
(455, 542, '', 1, '2019-05-15 13:26:21', 0),
(456, 542, '', 1, '2019-05-15 16:59:24', 0),
(457, 544, '', 1, '2019-05-15 22:27:51', 0),
(458, 546, '', 1, '2019-05-15 23:59:14', 0),
(459, 545, '', 1, '2019-05-16 00:03:15', 0),
(460, 542, 'Hahahhahahahhahahahaha tentador sem status bar', 1, '2019-05-16 00:53:47', 0),
(461, 548, '', 1, '2019-05-16 01:05:19', 0),
(462, 544, '', 1, '2019-05-16 01:15:36', 0),
(463, 548, '', 1, '2019-05-16 03:19:16', 0),
(464, 548, '', 1, '2019-05-16 03:20:54', 0),
(465, 548, 'Novas observações da madrugada', 1, '2019-05-16 03:22:45', 0),
(466, 548, '', 1, '2019-05-16 10:48:20', 0),
(467, 546, '', 1, '2019-05-16 12:13:25', 0),
(468, 549, '', 1, '2019-05-16 14:05:52', 0),
(469, 549, '', 1, '2019-05-16 15:00:11', 0),
(470, 550, '', 1, '2019-05-16 17:51:09', 0),
(471, 550, '', 1, '2019-05-16 17:51:24', 0),
(472, 550, '', 1, '2019-05-16 19:17:05', 0),
(473, 551, '', 1, '2019-05-16 22:10:26', 0),
(474, 551, '', 1, '2019-05-16 22:11:24', 0),
(475, 544, '', 1, '2019-05-16 22:20:08', 0),
(476, 544, '', 1, '2019-05-16 22:36:27', 0),
(477, 544, '', 1, '2019-05-16 22:38:30', 0),
(478, 544, '', 1, '2019-05-16 22:39:35', 0),
(479, 544, '', 1, '2019-05-16 22:41:03', 0),
(480, 544, '', 1, '2019-05-16 22:41:35', 0),
(481, 544, '', 1, '2019-05-16 22:47:40', 0),
(482, 552, '', 1, '2019-05-16 23:54:53', 0),
(483, 552, '', 1, '2019-05-17 00:13:02', 0),
(484, 544, '', 1, '2019-05-17 02:37:09', 0),
(485, 552, '', 1, '2019-05-17 03:26:20', 0),
(486, 552, '', 1, '2019-05-17 10:14:58', 0),
(487, 552, '', 1, '2019-05-17 10:49:38', 0),
(488, 552, '', 1, '2019-05-17 10:50:04', 0),
(489, 556, '', 1, '2019-05-17 13:04:42', 0),
(490, 552, '', 1, '2019-05-17 13:12:51', 0),
(491, 552, '', 1, '2019-05-17 13:13:11', 0),
(492, 552, '', 1, '2019-05-17 13:38:24', 0),
(493, 552, 'Morning test ????????', 1, '2019-05-17 14:26:36', 0),
(494, 558, 'Tudo que tenha álcool pode trazer', 1, '2019-05-17 17:25:19', 0),
(495, 558, 'Hahahahhahahahahhahahahahahhahahahahahhshshsjsjhxjsjsjdjsjdjisksjsjsjdjkdkdjdjdjdnjfnfjfjfnfnfnjffnjfjfjfjfjfjfndjjfjdjdjdjdjdjfjdjdjjdjdjdjdjdjdjdjdjjxjdjdjdjdjdndjjdjdjdjdndndnndndjdjdjdjdndndnjdish', 1, '2019-05-17 20:12:10', 0),
(496, 558, '', 1, '2019-05-17 20:32:51', 0),
(497, 557, '', 1, '2019-05-18 02:01:26', 0),
(498, 558, '', 1, '2019-05-18 04:01:01', 0),
(499, 559, '', 1, '2019-05-18 12:46:10', 0),
(500, 559, '', 1, '2019-05-18 12:50:28', 0),
(501, 559, 'Sem alface', 1, '2019-05-18 12:53:58', 0),
(502, 558, '', 1, '2019-05-18 13:07:14', 0),
(503, 558, 'Ah ta', 1, '2019-05-18 13:08:34', 0),
(504, 558, '', 1, '2019-05-18 13:10:17', 0),
(505, 558, '', 1, '2019-05-18 13:35:25', 0),
(506, 558, '', 1, '2019-05-19 12:01:07', 0),
(507, 558, '', 1, '2019-05-19 13:10:04', 0),
(508, 558, '', 1, '2019-05-19 15:30:31', 0),
(509, 558, '', 1, '2019-05-19 15:43:27', 0),
(510, 560, '', 1, '2019-05-19 16:41:28', 0),
(511, 560, '', 1, '2019-05-19 16:42:19', 0),
(512, 560, '', 1, '2019-05-19 21:00:39', 0),
(513, 560, '', 1, '2019-05-20 03:39:33', 0),
(514, 560, '', 1, '2019-05-20 10:50:24', 0),
(515, 560, 'Boa Fortune', 1, '2019-05-20 13:09:32', 0),
(516, 560, '', 1, '2019-05-20 13:10:03', 0),
(517, 560, '', 1, '2019-05-20 16:00:00', 0),
(518, 560, '', 1, '2019-05-20 17:22:42', 0),
(519, 563, '', 0, '2019-05-20 21:42:53', 0),
(520, 563, '', 0, '2019-05-21 12:56:20', 0),
(521, 563, '', 0, '2019-05-21 17:04:57', 0),
(522, 563, '', 0, '2019-05-21 18:48:39', 0),
(523, 565, 'Seria bom mesmo uma White Walker, da Jhonnie Walker, sei lá, kkk\n', 0, '2019-05-21 22:07:15', 0),
(524, 568, '', 0, '2019-05-22 02:53:56', 0),
(525, 568, '', 0, '2019-05-22 02:56:13', 0),
(526, 568, '', 0, '2019-05-22 03:12:56', 0),
(527, 568, '', 0, '2019-05-22 03:17:14', 0),
(528, 569, '', 0, '2019-05-22 04:25:24', 0),
(529, 569, '', 0, '2019-05-22 04:25:58', 0),
(530, 569, '', 0, '2019-05-22 10:24:06', 0),
(531, 564, '', 0, '2019-05-22 11:08:13', 0),
(532, 564, '', 0, '2019-05-22 11:14:47', 0),
(533, 569, '', 0, '2019-05-22 12:02:52', 0),
(534, 569, '', 0, '2019-05-22 14:40:25', 0),
(535, 569, '', 0, '2019-05-22 15:05:02', 0),
(536, 570, '', 0, '2019-05-22 15:19:24', 0),
(537, 564, '', 0, '2019-05-22 16:38:43', 0),
(538, 569, '', 0, '2019-05-22 18:07:46', 0),
(539, 569, '', 0, '2019-05-22 19:27:06', 0),
(540, 571, '', 0, '2019-05-22 22:41:51', 0),
(541, 569, '', 0, '2019-05-22 22:43:50', 0);

-- --------------------------------------------------------

--
-- Estrutura para tabela `tbRequestsProducts`
--

DROP TABLE IF EXISTS `tbRequestsProducts`;
CREATE TABLE `tbRequestsProducts` (
  `idRequestProduct` int(11) NOT NULL,
  `idRequest` int(11) NOT NULL,
  `idProduct` int(11) NOT NULL,
  `qtProduct` int(11) NOT NULL DEFAULT 1,
  `vlUnity` decimal(8,2) NOT NULL DEFAULT 0.00,
  `dtRegister` datetime NOT NULL DEFAULT current_timestamp(),
  `isDeleted` tinyint(4) NOT NULL DEFAULT 0
) ENGINE=InnoDB DEFAULT CHARSET=utf8;

--
-- Despejando dados para a tabela `tbRequestsProducts`
--

INSERT INTO `tbRequestsProducts` (`idRequestProduct`, `idRequest`, `idProduct`, `qtProduct`, `vlUnity`, `dtRegister`, `isDeleted`) VALUES
(1, 1, 35, 7, '14.00', '2019-04-23 00:42:19', 0),
(2, 1, 36, 2, '11.00', '2019-04-23 00:42:19', 0),
(3, 1, 52, 1, '31.00', '2019-04-23 00:42:19', 0),
(4, 1, 34, 1, '13.00', '2019-04-23 00:42:19', 0),
(5, 2, 50, 1, '28.00', '2019-04-23 00:45:30', 0),
(6, 3, 51, 1, '35.00', '2019-04-23 00:49:13', 0),
(7, 4, 40, 1, '22.00', '2019-04-23 00:55:42', 0),
(8, 5, 33, 1, '20.00', '2019-04-23 00:57:04', 0),
(9, 6, 34, 2, '13.00', '2019-04-23 01:00:15', 0),
(10, 6, 35, 2, '14.00', '2019-04-23 01:00:15', 0),
(11, 6, 36, 1, '11.00', '2019-04-23 01:00:15', 0),
(12, 7, 39, 7, '18.00', '2019-04-23 01:06:51', 0),
(13, 7, 35, 2, '14.00', '2019-04-23 01:06:51', 0),
(14, 8, 30, 2, '30.00', '2019-04-23 04:13:31', 0),
(15, 8, 31, 2, '22.00', '2019-04-23 04:13:31', 0),
(16, 9, 37, 2, '16.00', '2019-04-23 04:17:47', 0),
(17, 9, 36, 2, '11.00', '2019-04-23 04:17:47', 0),
(18, 10, 36, 2, '11.00', '2019-04-23 04:25:08', 0),
(19, 10, 35, 3, '14.00', '2019-04-23 04:25:08', 0),
(20, 10, 52, 3, '31.00', '2019-04-23 04:25:08', 0),
(21, 10, 50, 1, '28.00', '2019-04-23 04:25:08', 0),
(22, 10, 40, 1, '22.00', '2019-04-23 04:25:08', 0),
(23, 11, 47, 1, '24.00', '2019-04-23 04:25:42', 0),
(24, 12, 44, 2, '27.00', '2019-04-23 04:27:09', 0),
(25, 12, 55, 1, '21.00', '2019-04-23 04:27:09', 0),
(26, 13, 35, 2, '14.00', '2019-04-23 04:28:36', 0),
(27, 13, 34, 1, '13.00', '2019-04-23 04:28:36', 0),
(28, 14, 35, 2, '14.00', '2019-04-23 04:46:50', 0),
(29, 14, 40, 1, '22.00', '2019-04-23 04:46:50', 0),
(30, 14, 52, 1, '31.00', '2019-04-23 04:46:50', 0),
(31, 14, 49, 1, '33.00', '2019-04-23 04:46:50', 0),
(32, 14, 55, 1, '21.00', '2019-04-23 04:46:50', 0),
(33, 16, 33, 3, '20.00', '2019-04-23 04:48:52', 0),
(34, 16, 48, 1, '37.00', '2019-04-23 04:48:52', 0),
(35, 16, 26, 1, '14.00', '2019-04-23 04:48:52', 0),
(36, 17, 26, 1, '14.00', '2019-04-23 04:50:56', 0),
(37, 17, 48, 1, '37.00', '2019-04-23 04:50:56', 0),
(38, 18, 18, 1, '70.50', '2019-04-23 04:54:40', 0),
(39, 18, 40, 1, '22.00', '2019-04-23 04:54:40', 0),
(40, 18, 44, 1, '27.00', '2019-04-23 04:54:40', 0),
(50, 28, 37, 1, '16.00', '2019-04-23 14:11:17', 0),
(51, 29, 35, 1, '14.00', '2019-04-23 14:11:34', 0),
(52, 30, 34, 3, '13.00', '2019-04-23 14:12:19', 0),
(53, 31, 36, 1, '11.00', '2019-04-23 14:12:57', 0),
(54, 31, 52, 1, '31.00', '2019-04-23 14:12:57', 0),
(55, 31, 57, 1, '2.00', '2019-04-23 14:12:57', 0),
(56, 32, 36, 1, '11.00', '2019-04-23 15:54:24', 0),
(57, 32, 55, 1, '21.00', '2019-04-23 15:54:24', 0),
(58, 33, 50, 3, '28.00', '2019-04-23 16:32:43', 0),
(59, 34, 50, 1, '28.00', '2019-04-23 16:34:50', 0),
(60, 34, 51, 2, '35.00', '2019-04-23 16:34:50', 0),
(61, 35, 36, 2, '11.00', '2019-04-23 22:25:13', 0),
(62, 35, 18, 8, '70.50', '2019-04-23 22:25:13', 0),
(63, 35, 40, 1, '22.00', '2019-04-23 22:25:13', 0),
(64, 35, 57, 1, '2.00', '2019-04-23 22:25:13', 0),
(65, 37, 30, 1, '30.00', '2019-04-23 22:25:50', 0),
(66, 38, 57, 1, '2.00', '2019-04-23 22:26:20', 0),
(67, 38, 42, 1, '30.00', '2019-04-23 22:26:20', 0),
(68, 39, 46, 1, '17.00', '2019-04-23 22:27:31', 0),
(69, 39, 31, 1, '22.00', '2019-04-23 22:27:31', 0),
(70, 39, 50, 1, '28.00', '2019-04-23 22:27:31', 0),
(71, 41, 36, 1, '11.00', '2019-04-23 22:30:16', 0),
(72, 41, 57, 1, '2.00', '2019-04-23 22:30:16', 0),
(73, 42, 56, 1, '5.00', '2019-04-23 22:44:18', 0),
(74, 42, 36, 1, '11.00', '2019-04-23 22:44:18', 0),
(75, 42, 51, 1, '35.00', '2019-04-23 22:44:18', 0),
(76, 44, 50, 1, '28.00', '2019-04-23 22:45:23', 0),
(77, 45, 46, 1, '17.00', '2019-04-23 22:48:31', 0),
(78, 45, 42, 1, '30.00', '2019-04-23 22:48:31', 0),
(79, 46, 57, 1, '2.00', '2019-04-23 22:52:45', 0),
(80, 47, 57, 1, '2.00', '2019-04-23 22:57:20', 0),
(81, 47, 36, 1, '11.00', '2019-04-23 22:57:20', 0),
(82, 47, 48, 1, '37.00', '2019-04-23 22:57:20', 0),
(83, 48, 26, 1, '14.00', '2019-04-23 23:09:01', 0),
(84, 49, 55, 1, '21.00', '2019-04-23 23:10:48', 0),
(85, 49, 57, 1, '2.00', '2019-04-23 23:10:48', 0),
(86, 49, 42, 1, '30.00', '2019-04-23 23:10:48', 0),
(87, 49, 58, 1, '30.00', '2019-04-23 23:10:48', 0),
(88, 50, 49, 1, '33.00', '2019-04-23 23:46:56', 0),
(89, 50, 57, 1, '2.00', '2019-04-23 23:46:56', 0),
(90, 51, 32, 1, '28.00', '2019-04-23 23:57:45', 0),
(91, 51, 55, 2, '21.00', '2019-04-23 23:57:45', 0),
(92, 51, 39, 1, '18.00', '2019-04-23 23:57:45', 0),
(93, 51, 57, 2, '2.00', '2019-04-23 23:57:45', 0),
(94, 51, 31, 1, '22.00', '2019-04-23 23:57:45', 0),
(95, 51, 36, 1, '11.00', '2019-04-23 23:57:45', 0),
(96, 52, 31, 1, '22.00', '2019-04-24 00:11:37', 0),
(97, 52, 40, 1, '22.00', '2019-04-24 00:11:37', 0),
(98, 52, 57, 1, '2.00', '2019-04-24 00:11:37', 0),
(99, 52, 49, 1, '33.00', '2019-04-24 00:11:37', 0),
(100, 52, 32, 1, '28.00', '2019-04-24 00:11:37', 0),
(101, 52, 24, 1, '20.00', '2019-04-24 00:11:37', 0),
(102, 52, 30, 1, '30.00', '2019-04-24 00:11:37', 0),
(103, 52, 54, 2, '31.00', '2019-04-24 00:11:37', 0),
(104, 53, 37, 1, '16.00', '2019-04-24 01:28:04', 0),
(105, 53, 26, 5, '14.00', '2019-04-24 01:28:04', 0),
(106, 53, 39, 1, '18.00', '2019-04-24 01:28:04', 0),
(107, 53, 58, 1, '30.00', '2019-04-24 01:28:04', 0),
(108, 53, 52, 1, '31.00', '2019-04-24 01:28:04', 0),
(109, 54, 26, 1, '14.00', '2019-04-24 02:07:51', 0),
(110, 55, 43, 2, '32.00', '2019-04-24 02:08:50', 0),
(111, 55, 57, 2, '2.00', '2019-04-24 02:08:50', 0),
(112, 56, 58, 1, '30.00', '2019-04-24 04:23:38', 0),
(113, 56, 55, 1, '21.00', '2019-04-24 04:23:38', 0),
(114, 56, 56, 1, '5.00', '2019-04-24 04:23:38', 0),
(115, 56, 51, 2, '35.00', '2019-04-24 04:23:38', 0),
(116, 56, 60, 1, '40.00', '2019-04-24 04:23:38', 0),
(117, 57, 49, 4, '33.00', '2019-04-24 04:28:26', 0),
(118, 57, 55, 1, '21.00', '2019-04-24 04:28:26', 0),
(119, 57, 24, 2, '20.00', '2019-04-24 04:28:26', 0),
(120, 58, 40, 1, '22.00', '2019-04-24 04:30:10', 0),
(121, 59, 57, 1, '2.00', '2019-04-24 04:38:33', 0),
(122, 59, 26, 4, '14.00', '2019-04-24 04:38:33', 0),
(123, 59, 49, 1, '33.00', '2019-04-24 04:38:33', 0),
(124, 60, 31, 5, '22.00', '2019-04-24 04:48:09', 0),
(125, 60, 30, 1, '30.00', '2019-04-24 04:48:09', 0),
(126, 60, 59, 1, '25082.00', '2019-04-24 04:48:09', 0),
(127, 60, 60, 1, '40.00', '2019-04-24 04:48:09', 0),
(128, 60, 18, 1, '70.50', '2019-04-24 04:48:09', 0),
(129, 61, 56, 1, '5.00', '2019-04-24 10:11:25', 0),
(130, 61, 61, 1, '20.00', '2019-04-24 10:11:25', 0),
(131, 62, 60, 1, '40.00', '2019-04-24 10:15:28', 0),
(132, 63, 58, 1, '30.00', '2019-04-24 10:16:07', 0),
(133, 64, 55, 7, '21.00', '2019-04-24 11:56:53', 0),
(134, 64, 57, 1, '2.00', '2019-04-24 11:56:53', 0),
(135, 65, 40, 4, '22.00', '2019-04-24 12:01:41', 0),
(136, 65, 57, 1, '2.00', '2019-04-24 12:01:41', 0),
(137, 66, 26, 1, '14.00', '2019-04-24 13:53:26', 0),
(138, 66, 37, 1, '16.00', '2019-04-24 13:53:26', 0),
(139, 66, 57, 1, '2.00', '2019-04-24 13:53:26', 0),
(140, 67, 42, 1, '30.00', '2019-04-24 13:54:13', 0),
(141, 68, 41, 1, '24.00', '2019-04-24 13:54:35', 0),
(142, 69, 64, 1, '45.00', '2019-04-24 13:56:24', 0),
(143, 70, 55, 1, '21.00', '2019-04-24 16:04:33', 0),
(144, 70, 49, 2, '33.00', '2019-04-24 16:04:33', 0),
(145, 71, 51, 1, '35.00', '2019-04-24 21:56:50', 0),
(146, 71, 55, 2, '21.00', '2019-04-24 21:56:50', 0),
(147, 72, 34, 1, '13.00', '2019-04-24 21:56:54', 0),
(148, 72, 58, 1, '30.00', '2019-04-24 21:56:54', 0),
(149, 73, 55, 3, '21.00', '2019-04-24 22:11:32', 0),
(150, 74, 55, 2, '21.00', '2019-04-24 22:14:04', 0),
(151, 75, 26, 2, '14.00', '2019-04-24 22:23:46', 0),
(152, 75, 30, 1, '30.00', '2019-04-24 22:23:46', 0),
(153, 76, 36, 1, '11.00', '2019-04-24 22:33:05', 0),
(154, 77, 60, 2, '40.00', '2019-04-24 22:41:29', 0),
(155, 78, 60, 1, '40.00', '2019-04-24 22:42:34', 0),
(156, 79, 40, 1, '22.00', '2019-04-24 22:46:47', 0),
(157, 80, 40, 1, '22.00', '2019-04-24 22:49:40', 0),
(158, 80, 60, 1, '40.00', '2019-04-24 22:49:40', 0),
(159, 81, 60, 1, '40.00', '2019-04-24 22:51:47', 0),
(160, 82, 36, 1, '11.00', '2019-04-24 23:40:18', 0),
(161, 91, 30, 1, '30.00', '2019-04-25 12:06:02', 0),
(162, 91, 42, 1, '30.00', '2019-04-25 12:06:02', 0),
(163, 92, 52, 3, '31.00', '2019-04-25 16:42:56', 0),
(164, 93, 36, 3, '11.00', '2019-04-25 16:47:17', 0),
(165, 93, 56, 7, '5.00', '2019-04-25 16:47:17', 0),
(166, 93, 39, 6, '18.00', '2019-04-25 16:47:17', 0),
(167, 94, 60, 15, '40.00', '2019-04-25 19:15:32', 0),
(168, 94, 53, 6, '34.00', '2019-04-25 19:15:32', 0),
(169, 94, 61, 2, '20.00', '2019-04-25 19:15:32', 0),
(170, 94, 57, 3, '2.00', '2019-04-25 19:15:32', 0),
(171, 94, 58, 1, '30.00', '2019-04-25 19:15:32', 0),
(172, 95, 61, 2, '20.00', '2019-04-25 19:56:07', 0),
(173, 96, 57, 4, '2.00', '2019-04-25 19:56:50', 0),
(174, 96, 36, 3, '11.00', '2019-04-25 19:56:50', 0),
(175, 97, 33, 11, '20.00', '2019-04-25 20:00:37', 0),
(176, 97, 32, 1, '28.00', '2019-04-25 20:00:37', 0),
(177, 97, 60, 7, '40.00', '2019-04-25 20:00:37', 0),
(178, 99, 32, 43, '28.00', '2019-04-25 20:28:13', 0),
(179, 99, 51, 3, '35.00', '2019-04-25 20:28:13', 0),
(180, 99, 33, 2, '20.00', '2019-04-25 20:28:13', 0),
(181, 100, 61, 2, '20.00', '2019-04-25 21:38:46', 0),
(182, 100, 50, 2, '28.00', '2019-04-25 21:38:46', 0),
(183, 100, 30, 33, '30.00', '2019-04-25 21:38:46', 0),
(184, 100, 40, 2, '22.00', '2019-04-25 21:38:46', 0),
(185, 100, 48, 2, '37.00', '2019-04-25 21:38:46', 0),
(186, 100, 55, 10, '21.00', '2019-04-25 21:38:46', 0),
(187, 101, 31, 1, '22.00', '2019-04-25 21:56:04', 0),
(188, 101, 61, 2, '20.00', '2019-04-25 21:56:04', 0),
(189, 102, 48, 1, '37.00', '2019-04-25 22:01:22', 0),
(190, 102, 52, 2, '31.00', '2019-04-25 22:01:22', 0),
(191, 103, 57, 5, '2.00', '2019-04-25 22:02:30', 0),
(192, 104, 36, 90, '11.00', '2019-04-25 22:12:11', 0),
(193, 104, 60, 3, '40.00', '2019-04-25 22:12:11', 0),
(194, 105, 36, 12, '11.00', '2019-04-25 22:28:33', 0),
(195, 105, 37, 2, '16.00', '2019-04-25 22:28:33', 0),
(196, 106, 57, 2, '2.00', '2019-04-25 23:30:34', 0),
(197, 106, 30, 9, '30.00', '2019-04-25 23:30:34', 0),
(198, 106, 32, 1, '28.00', '2019-04-25 23:30:34', 0),
(199, 106, 33, 15, '20.00', '2019-04-25 23:30:34', 0),
(200, 106, 49, 8, '33.00', '2019-04-25 23:30:34', 0),
(201, 106, 42, 1, '30.00', '2019-04-25 23:30:34', 0),
(202, 106, 43, 1, '32.00', '2019-04-25 23:30:34', 0),
(203, 106, 41, 1, '24.00', '2019-04-25 23:30:34', 0),
(204, 106, 64, 1, '45.00', '2019-04-25 23:30:34', 0),
(205, 106, 47, 1, '24.00', '2019-04-25 23:30:34', 0),
(206, 106, 54, 2, '31.00', '2019-04-25 23:30:34', 0),
(207, 107, 65, 10, '500.00', '2019-04-25 23:35:07', 0),
(208, 107, 55, 2, '21.00', '2019-04-25 23:35:07', 0),
(209, 107, 56, 1, '5.00', '2019-04-25 23:35:07', 0),
(210, 108, 60, 5, '40.00', '2019-04-25 23:35:37', 0),
(211, 109, 31, 1, '22.00', '2019-04-26 00:12:35', 0),
(212, 109, 43, 3, '32.00', '2019-04-26 00:12:35', 0),
(213, 109, 40, 1, '22.00', '2019-04-26 00:12:35', 0),
(214, 109, 42, 1, '30.00', '2019-04-26 00:12:35', 0),
(215, 109, 64, 2, '45.00', '2019-04-26 00:12:35', 0),
(216, 109, 44, 1, '27.00', '2019-04-26 00:12:35', 0),
(217, 109, 45, 1, '35.00', '2019-04-26 00:12:35', 0),
(218, 109, 36, 1, '11.00', '2019-04-26 00:12:35', 0),
(219, 109, 65, 1, '500.00', '2019-04-26 00:12:35', 0),
(220, 109, 26, 76, '14.00', '2019-04-26 00:12:35', 0),
(221, 109, 49, 1, '33.00', '2019-04-26 00:12:35', 0),
(222, 110, 49, 2, '33.00', '2019-04-26 01:58:08', 0),
(223, 110, 61, 2, '20.00', '2019-04-26 01:58:08', 0),
(224, 110, 40, 5, '22.00', '2019-04-26 01:58:08', 0),
(225, 111, 55, 5, '21.00', '2019-04-26 01:59:54', 0),
(226, 111, 61, 6, '20.00', '2019-04-26 01:59:54', 0),
(227, 112, 57, 1, '2.00', '2019-04-26 02:53:54', 0),
(228, 114, 43, 1, '32.00', '2019-04-26 02:55:15', 0),
(229, 116, 36, 2, '11.00', '2019-04-26 03:03:06', 0),
(230, 117, 36, 1, '11.00', '2019-04-26 03:06:42', 0),
(231, 118, 31, 5, '22.00', '2019-04-26 03:10:39', 0),
(232, 118, 57, 1, '2.00', '2019-04-26 03:10:39', 0),
(233, 119, 35, 1, '14.00', '2019-04-26 03:11:29', 0),
(234, 120, 60, 3, '40.00', '2019-04-26 03:19:38', 0),
(235, 121, 30, 27, '30.00', '2019-04-26 03:20:42', 0),
(236, 122, 60, 2, '40.00', '2019-04-26 10:29:10', 0),
(237, 122, 56, 2, '5.00', '2019-04-26 10:29:10', 0),
(238, 123, 36, 2, '11.00', '2019-04-26 10:29:46', 0),
(239, 124, 57, 1, '2.00', '2019-04-26 10:30:04', 0),
(240, 125, 31, 2, '22.00', '2019-04-26 11:05:18', 0),
(241, 125, 55, 1, '21.00', '2019-04-26 11:05:18', 0),
(242, 126, 50, 1, '28.00', '2019-04-26 12:32:23', 0),
(243, 127, 61, 10, '20.00', '2019-04-26 13:56:27', 0),
(244, 128, 31, 2, '22.00', '2019-04-26 15:59:56', 0),
(245, 128, 60, 3, '40.00', '2019-04-26 15:59:56', 0),
(246, 128, 47, 2, '24.00', '2019-04-26 15:59:56', 0),
(247, 129, 60, 1, '40.00', '2019-04-26 16:01:28', 0),
(248, 129, 37, 1, '16.00', '2019-04-26 16:01:28', 0),
(249, 130, 32, 3, '28.00', '2019-04-26 20:00:41', 0),
(250, 130, 42, 4, '30.00', '2019-04-26 20:00:41', 0),
(251, 130, 47, 5, '24.00', '2019-04-26 20:00:41', 0),
(252, 141, 57, 5, '2.00', '2019-04-26 20:04:38', 0),
(253, 141, 36, 10, '11.00', '2019-04-26 20:04:38', 0),
(254, 142, 30, 6, '30.00', '2019-04-26 20:05:01', 0),
(255, 142, 43, 4, '32.00', '2019-04-26 20:05:01', 0),
(256, 143, 40, 1, '22.00', '2019-04-26 20:05:21', 0),
(257, 148, 36, 5, '11.00', '2019-04-26 20:11:55', 0),
(258, 149, 30, 3, '30.00', '2019-04-26 20:42:08', 0),
(259, 150, 40, 8, '22.00', '2019-04-26 21:54:34', 0),
(260, 151, 37, 6, '16.00', '2019-04-26 22:14:50', 0),
(261, 152, 37, 5, '16.00', '2019-04-26 22:17:12', 0),
(262, 153, 48, 3, '37.00', '2019-04-27 00:04:59', 0),
(263, 153, 60, 2, '40.00', '2019-04-27 00:04:59', 0),
(264, 154, 46, 5, '17.00', '2019-04-27 01:20:01', 0),
(265, 154, 31, 1, '22.00', '2019-04-27 01:20:01', 0),
(266, 155, 40, 2, '22.00', '2019-04-27 01:23:36', 0),
(267, 156, 18, 3, '70.50', '2019-04-27 01:24:58', 0),
(268, 157, 55, 7, '21.00', '2019-04-27 05:14:34', 0),
(269, 158, 65, 2, '500.00', '2019-04-27 05:22:22', 0),
(270, 158, 42, 1, '30.00', '2019-04-27 05:22:22', 0),
(271, 159, 57, 2, '2.00', '2019-04-27 09:39:00', 0),
(272, 159, 60, 2, '40.00', '2019-04-27 09:39:00', 0),
(273, 159, 61, 1, '20.00', '2019-04-27 09:39:00', 0),
(274, 160, 57, 3, '2.00', '2019-04-27 10:20:51', 0),
(275, 160, 47, 1, '24.00', '2019-04-27 10:20:51', 0),
(276, 161, 49, 1, '33.00', '2019-04-27 11:50:09', 0),
(277, 162, 35, 1, '14.00', '2019-04-27 12:50:03', 0),
(278, 162, 64, 1, '45.00', '2019-04-27 12:50:03', 0),
(279, 163, 36, 1, '11.00', '2019-04-27 13:47:57', 0),
(280, 163, 35, 1, '14.00', '2019-04-27 13:47:57', 0),
(281, 164, 31, 4, '22.00', '2019-04-27 14:13:30', 0),
(282, 165, 57, 1, '2.00', '2019-04-27 14:13:44', 0),
(283, 166, 52, 6, '31.00', '2019-04-27 16:02:01', 0),
(284, 167, 60, 7, '40.00', '2019-04-27 16:19:41', 0),
(285, 168, 43, 7, '32.00', '2019-04-27 17:45:49', 0),
(286, 169, 54, 3, '31.00', '2019-04-27 17:58:16', 0),
(287, 169, 58, 1, '30.00', '2019-04-27 17:58:16', 0),
(288, 169, 49, 4, '33.00', '2019-04-27 17:58:16', 0),
(289, 170, 36, 1, '11.00', '2019-04-27 19:17:39', 0),
(290, 171, 47, 10, '24.00', '2019-04-27 23:18:10', 0),
(291, 172, 57, 2, '2.00', '2019-04-28 00:24:53', 0),
(292, 172, 55, 4, '21.00', '2019-04-28 00:24:53', 0),
(293, 173, 44, 2, '27.00', '2019-04-28 14:27:16', 0),
(294, 174, 31, 1, '22.00', '2019-04-28 14:27:48', 0),
(295, 174, 47, 1, '24.00', '2019-04-28 14:27:48', 0),
(296, 175, 30, 3, '30.00', '2019-04-28 19:42:28', 0),
(297, 175, 39, 2, '18.00', '2019-04-28 19:42:28', 0),
(298, 176, 68, 5, '6.00', '2019-04-28 19:49:18', 0),
(299, 177, 67, 1, '5.00', '2019-04-28 19:53:42', 0),
(300, 178, 60, 6, '40.00', '2019-04-28 20:19:27', 0),
(301, 178, 40, 1, '22.00', '2019-04-28 20:19:27', 0),
(302, 179, 67, 1, '5.00', '2019-04-28 20:20:20', 0),
(303, 180, 55, 1, '21.00', '2019-04-28 20:51:40', 0),
(304, 181, 55, 2, '21.00', '2019-04-29 04:07:13', 0),
(305, 182, 48, 6, '37.00', '2019-04-29 12:46:43', 0),
(306, 182, 68, 2, '6.00', '2019-04-29 12:46:43', 0),
(307, 183, 42, 1, '30.00', '2019-04-29 13:42:20', 0),
(308, 184, 57, 2, '2.00', '2019-04-29 13:44:06', 0),
(309, 184, 32, 2, '28.00', '2019-04-29 13:44:06', 0),
(310, 184, 30, 1, '30.00', '2019-04-29 13:44:06', 0),
(311, 184, 56, 2, '5.00', '2019-04-29 13:44:06', 0),
(312, 184, 33, 4, '20.00', '2019-04-29 13:44:06', 0),
(313, 185, 31, 1, '22.00', '2019-04-29 15:10:31', 0),
(314, 186, 36, 4, '11.00', '2019-04-29 15:12:40', 0),
(315, 187, 60, 3, '40.00', '2019-04-29 15:14:02', 0),
(316, 188, 65, 101, '500.00', '2019-04-29 16:08:39', 0),
(317, 188, 40, 1, '22.00', '2019-04-29 16:08:39', 0),
(318, 188, 60, 1, '40.00', '2019-04-29 16:08:39', 0),
(319, 188, 58, 1, '30.00', '2019-04-29 16:08:39', 0),
(320, 188, 47, 4, '24.00', '2019-04-29 16:08:39', 0),
(321, 188, 23, 5, '25.00', '2019-04-29 16:08:39', 0),
(322, 188, 61, 3, '20.00', '2019-04-29 16:08:39', 0),
(323, 188, 31, 1, '22.00', '2019-04-29 16:08:39', 0),
(324, 188, 57, 1, '2.00', '2019-04-29 16:08:39', 0),
(325, 188, 39, 1, '18.00', '2019-04-29 16:08:39', 0),
(326, 188, 68, 1, '6.00', '2019-04-29 16:08:39', 0),
(327, 189, 68, 1, '6.00', '2019-04-29 16:08:56', 0),
(328, 190, 40, 3, '22.00', '2019-04-29 16:58:09', 0),
(329, 191, 35, 4, '14.00', '2019-04-29 17:09:37', 0),
(330, 192, 55, 4, '21.00', '2019-04-29 17:37:46', 0),
(331, 193, 36, 1, '11.00', '2019-04-29 18:54:49', 0),
(332, 194, 68, 3, '6.00', '2019-04-29 20:41:42', 0),
(333, 195, 69, 1, '4.50', '2019-04-30 01:48:35', 0),
(334, 195, 34, 1, '13.00', '2019-04-30 01:48:35', 0),
(335, 195, 23, 1, '25.00', '2019-04-30 01:48:35', 0),
(336, 196, 68, 1, '6.00', '2019-04-30 01:50:07', 0),
(337, 196, 42, 1, '30.00', '2019-04-30 01:50:07', 0),
(338, 196, 26, 1, '14.00', '2019-04-30 01:50:07', 0),
(339, 196, 49, 1, '33.00', '2019-04-30 01:50:07', 0),
(340, 197, 55, 1, '21.00', '2019-04-30 01:59:01', 0),
(341, 198, 57, 1, '2.00', '2019-04-30 02:27:59', 0),
(342, 199, 68, 2, '6.00', '2019-04-30 04:22:00', 0),
(343, 199, 37, 1, '16.00', '2019-04-30 04:22:00', 0),
(344, 200, 45, 2, '35.00', '2019-04-30 10:27:07', 0),
(345, 201, 60, 1, '40.00', '2019-04-30 10:30:29', 0),
(346, 202, 34, 1, '13.00', '2019-04-30 22:06:55', 0),
(347, 202, 65, 1, '500.00', '2019-04-30 22:06:55', 0),
(348, 203, 50, 4, '28.00', '2019-04-30 22:12:11', 0),
(349, 203, 60, 5, '40.00', '2019-04-30 22:12:11', 0),
(350, 203, 53, 6, '34.00', '2019-04-30 22:12:11', 0),
(351, 203, 51, 1, '35.00', '2019-04-30 22:12:11', 0),
(352, 203, 65, 1, '500.00', '2019-04-30 22:12:11', 0),
(353, 203, 26, 1, '14.00', '2019-04-30 22:12:11', 0),
(354, 203, 18, 1, '70.50', '2019-04-30 22:12:11', 0),
(355, 203, 61, 1, '20.00', '2019-04-30 22:12:11', 0),
(356, 203, 24, 1, '20.00', '2019-04-30 22:12:11', 0),
(357, 203, 42, 1, '30.00', '2019-04-30 22:12:11', 0),
(358, 203, 57, 22, '2.00', '2019-04-30 22:12:11', 0),
(359, 204, 26, 1, '14.00', '2019-04-30 22:31:06', 0),
(360, 205, 60, 3, '40.00', '2019-05-01 03:37:50', 0),
(361, 206, 49, 3, '33.00', '2019-05-01 03:38:49', 0),
(362, 207, 58, 1, '30.00', '2019-05-01 03:52:41', 0),
(363, 207, 37, 1, '16.00', '2019-05-01 03:52:41', 0),
(364, 208, 57, 1, '2.00', '2019-05-01 13:04:38', 0),
(365, 208, 31, 1, '22.00', '2019-05-01 13:04:38', 0),
(366, 209, 36, 1, '11.00', '2019-05-01 15:32:50', 0),
(367, 210, 60, 3, '40.00', '2019-05-01 21:19:51', 0),
(368, 211, 58, 1, '30.00', '2019-05-01 21:40:45', 0),
(369, 212, 35, 1, '14.00', '2019-05-01 21:56:33', 0),
(370, 213, 44, 1, '27.00', '2019-05-02 10:10:32', 0),
(371, 214, 60, 1, '40.00', '2019-05-02 16:39:46', 0),
(372, 215, 38, 1, '16.00', '2019-05-02 17:45:20', 0),
(373, 215, 35, 6, '14.00', '2019-05-02 17:45:20', 0),
(374, 215, 31, 6, '22.00', '2019-05-02 17:45:20', 0),
(375, 216, 32, 3, '28.00', '2019-05-02 17:45:53', 0),
(376, 216, 52, 4, '31.00', '2019-05-02 17:45:53', 0),
(377, 217, 42, 2, '30.00', '2019-05-02 17:48:35', 0),
(378, 218, 58, 1, '30.00', '2019-05-02 17:48:55', 0),
(379, 219, 60, 5, '40.00', '2019-05-03 00:10:04', 0),
(380, 220, 51, 4, '35.00', '2019-05-03 00:42:10', 0),
(381, 221, 48, 1, '37.00', '2019-05-03 00:43:32', 0),
(382, 222, 67, 1, '5.00', '2019-05-03 00:45:46', 0),
(383, 222, 53, 1, '34.00', '2019-05-03 00:45:46', 0),
(384, 222, 26, 3, '14.00', '2019-05-03 00:45:46', 0),
(385, 223, 60, 10, '40.00', '2019-05-03 00:47:47', 0),
(386, 223, 67, 6, '5.00', '2019-05-03 00:47:47', 0),
(387, 223, 69, 1, '4.50', '2019-05-03 00:47:47', 0),
(388, 223, 49, 4, '33.00', '2019-05-03 00:47:47', 0),
(389, 223, 35, 4, '14.00', '2019-05-03 00:47:47', 0),
(390, 223, 34, 1, '13.00', '2019-05-03 00:47:47', 0),
(391, 224, 31, 1, '22.00', '2019-05-03 22:09:44', 0),
(392, 225, 26, 1, '14.00', '2019-05-03 23:39:00', 0),
(393, 225, 68, 1, '6.00', '2019-05-03 23:39:00', 0),
(394, 225, 46, 1, '17.00', '2019-05-03 23:39:00', 0),
(395, 226, 36, 1, '11.00', '2019-05-04 00:13:13', 0),
(396, 227, 36, 2, '11.00', '2019-05-04 00:54:06', 0),
(397, 228, 18, 1, '70.50', '2019-05-04 00:57:44', 0),
(398, 229, 57, 1, '2.00', '2019-05-04 01:00:03', 0),
(399, 230, 57, 1, '2.00', '2019-05-04 01:05:31', 0),
(400, 231, 47, 1, '24.00', '2019-05-04 01:07:41', 0),
(401, 232, 57, 1, '2.00', '2019-05-04 01:09:22', 0),
(402, 232, 31, 1, '22.00', '2019-05-04 01:09:22', 0),
(403, 233, 68, 2, '6.00', '2019-05-04 04:13:25', 0),
(404, 233, 47, 1, '24.00', '2019-05-04 04:13:25', 0),
(405, 233, 64, 1, '45.00', '2019-05-04 04:13:25', 0),
(406, 234, 60, 1, '40.00', '2019-05-04 04:13:50', 0),
(407, 235, 36, 2, '11.00', '2019-05-04 04:17:45', 0),
(408, 236, 42, 1, '30.00', '2019-05-04 04:18:14', 0),
(409, 237, 57, 1, '2.00', '2019-05-04 12:21:34', 0),
(410, 238, 58, 1, '30.00', '2019-05-04 12:22:20', 0),
(411, 239, 36, 1, '11.00', '2019-05-04 14:00:44', 0),
(412, 240, 36, 1, '11.00', '2019-05-04 14:01:55', 0),
(413, 241, 37, 2, '16.00', '2019-05-04 14:04:38', 0),
(414, 242, 60, 1, '40.00', '2019-05-04 14:19:05', 0),
(415, 243, 60, 1, '40.00', '2019-05-04 14:29:49', 0),
(416, 244, 36, 1, '11.00', '2019-05-04 14:31:03', 0),
(417, 245, 43, 1, '32.00', '2019-05-04 14:32:23', 0),
(418, 246, 61, 1, '20.00', '2019-05-04 14:33:57', 0),
(419, 247, 36, 1, '11.00', '2019-05-04 14:35:52', 0),
(420, 248, 60, 4, '40.00', '2019-05-04 15:23:00', 0),
(421, 249, 68, 1, '6.00', '2019-05-04 15:43:45', 0),
(422, 249, 48, 1, '37.00', '2019-05-04 15:43:45', 0),
(423, 249, 49, 1, '33.00', '2019-05-04 15:43:45', 0),
(424, 250, 40, 4, '22.00', '2019-05-04 18:06:07', 0),
(425, 250, 53, 3, '34.00', '2019-05-04 18:06:07', 0),
(426, 250, 67, 2, '5.00', '2019-05-04 18:06:07', 0),
(427, 251, 57, 1, '2.00', '2019-05-04 18:09:47', 0),
(428, 252, 57, 1, '2.00', '2019-05-04 18:17:28', 0),
(429, 253, 58, 1, '30.00', '2019-05-04 19:37:28', 0),
(430, 254, 60, 1, '40.00', '2019-05-04 20:16:56', 0),
(431, 255, 49, 71, '33.00', '2019-05-04 21:13:48', 0),
(432, 256, 51, 2, '35.00', '2019-05-04 21:16:15', 0),
(433, 257, 37, 1, '16.00', '2019-05-04 21:19:14', 0),
(434, 258, 39, 4, '18.00', '2019-05-04 22:26:26', 0),
(435, 258, 68, 4, '6.00', '2019-05-04 22:26:26', 0),
(436, 259, 41, 2, '24.00', '2019-05-05 00:58:15', 0),
(437, 260, 36, 3, '11.00', '2019-05-06 01:22:08', 0),
(438, 261, 52, 2, '31.00', '2019-05-06 01:30:02', 0),
(439, 262, 60, 1, '40.00', '2019-05-06 01:36:40', 0),
(440, 263, 46, 1, '17.00', '2019-05-06 02:17:55', 0),
(441, 264, 35, 4, '14.00', '2019-05-06 02:19:26', 0),
(442, 265, 57, 1, '2.00', '2019-05-06 02:20:50', 0),
(443, 265, 55, 2, '21.00', '2019-05-06 02:20:50', 0),
(444, 266, 32, 3, '28.00', '2019-05-06 02:30:38', 0),
(445, 266, 40, 3, '22.00', '2019-05-06 02:30:38', 0),
(446, 266, 51, 3, '35.00', '2019-05-06 02:30:38', 0),
(447, 267, 60, 4, '40.00', '2019-05-06 02:37:09', 0),
(448, 267, 55, 1, '21.00', '2019-05-06 02:37:09', 0),
(449, 267, 52, 4, '31.00', '2019-05-06 02:37:09', 0),
(450, 268, 68, 6, '6.00', '2019-05-06 02:48:15', 0),
(451, 269, 57, 1, '2.00', '2019-05-06 02:52:05', 0),
(452, 269, 42, 1, '30.00', '2019-05-06 02:52:05', 0),
(453, 270, 60, 1, '40.00', '2019-05-06 03:01:50', 0),
(454, 270, 36, 1, '11.00', '2019-05-06 03:01:50', 0),
(455, 271, 60, 2, '40.00', '2019-05-06 03:52:42', 0),
(456, 271, 52, 2, '31.00', '2019-05-06 03:52:42', 0),
(457, 271, 55, 2, '21.00', '2019-05-06 03:52:42', 0),
(458, 272, 68, 2, '6.00', '2019-05-06 03:53:23', 0),
(459, 272, 67, 2, '5.00', '2019-05-06 03:53:23', 0),
(460, 272, 69, 2, '4.50', '2019-05-06 03:53:23', 0),
(461, 273, 61, 2, '20.00', '2019-05-06 03:53:51', 0),
(462, 273, 40, 2, '22.00', '2019-05-06 03:53:51', 0),
(463, 273, 23, 1, '25.00', '2019-05-06 03:53:51', 0),
(464, 274, 53, 3, '34.00', '2019-05-06 03:59:21', 0),
(465, 275, 53, 2, '34.00', '2019-05-06 04:00:19', 0),
(466, 276, 49, 41, '33.00', '2019-05-06 04:03:24', 0),
(467, 276, 48, 74, '37.00', '2019-05-06 04:03:24', 0),
(468, 277, 60, 1, '40.00', '2019-05-06 09:51:07', 0),
(469, 278, 32, 1, '28.00', '2019-05-06 09:51:19', 0),
(470, 279, 18, 1, '70.50', '2019-05-06 09:53:20', 0),
(471, 280, 18, 2, '70.50', '2019-05-06 09:53:52', 0),
(472, 280, 24, 2, '20.00', '2019-05-06 09:53:52', 0),
(473, 280, 68, 2, '6.00', '2019-05-06 09:53:52', 0),
(474, 281, 60, 1, '40.00', '2019-05-06 10:51:38', 0),
(475, 281, 53, 2, '34.00', '2019-05-06 10:51:38', 0),
(476, 282, 55, 51, '21.00', '2019-05-06 11:16:14', 0),
(477, 282, 32, 1, '28.00', '2019-05-06 11:16:14', 0),
(478, 283, 60, 9, '40.00', '2019-05-06 17:45:00', 0),
(479, 283, 53, 21, '34.00', '2019-05-06 17:45:00', 0),
(480, 283, 26, 19, '14.00', '2019-05-06 17:45:00', 0),
(481, 283, 38, 21, '16.00', '2019-05-06 17:45:00', 0),
(482, 284, 57, 2, '2.00', '2019-05-06 17:45:43', 0),
(483, 285, 57, 3, '2.00', '2019-05-06 22:03:46', 0),
(484, 285, 26, 3, '14.00', '2019-05-06 22:03:46', 0),
(485, 287, 36, 1, '11.00', '2019-05-06 22:51:19', 0),
(486, 288, 60, 4, '40.00', '2019-05-06 22:53:16', 0),
(487, 289, 49, 1, '33.00', '2019-05-06 23:15:27', 0),
(488, 289, 67, 2, '5.00', '2019-05-06 23:15:27', 0),
(489, 290, 46, 2, '17.00', '2019-05-06 23:16:11', 0),
(490, 290, 30, 1, '30.00', '2019-05-06 23:16:11', 0),
(491, 291, 30, 1, '30.00', '2019-05-06 23:51:48', 0),
(492, 291, 55, 1, '21.00', '2019-05-06 23:51:48', 0),
(493, 292, 57, 1, '2.00', '2019-05-06 23:59:54', 0),
(494, 292, 60, 1, '40.00', '2019-05-06 23:59:54', 0),
(495, 293, 60, 6, '40.00', '2019-05-07 00:03:00', 0),
(496, 293, 40, 5, '22.00', '2019-05-07 00:03:00', 0),
(497, 293, 55, 5, '21.00', '2019-05-07 00:03:00', 0),
(498, 294, 31, 1, '22.00', '2019-05-07 00:05:00', 0),
(499, 295, 61, 1, '20.00', '2019-05-07 00:07:10', 0),
(500, 296, 32, 8, '28.00', '2019-05-07 00:09:25', 0),
(501, 296, 47, 1, '24.00', '2019-05-07 00:09:25', 0),
(502, 297, 60, 1, '40.00', '2019-05-07 00:12:46', 0),
(503, 297, 58, 1, '30.00', '2019-05-07 00:12:46', 0),
(504, 298, 60, 3, '40.00', '2019-05-07 00:13:22', 0),
(505, 298, 52, 1, '31.00', '2019-05-07 00:13:22', 0),
(506, 299, 36, 1, '11.00', '2019-05-07 00:24:42', 0),
(507, 299, 51, 4, '35.00', '2019-05-07 00:24:42', 0),
(508, 299, 23, 1, '25.00', '2019-05-07 00:24:42', 0),
(509, 299, 58, 2, '30.00', '2019-05-07 00:24:42', 0),
(510, 300, 60, 5, '40.00', '2019-05-07 01:25:02', 0),
(511, 300, 36, 14, '11.00', '2019-05-07 01:25:02', 0),
(512, 300, 68, 14, '6.00', '2019-05-07 01:25:02', 0),
(513, 301, 52, 5, '31.00', '2019-05-07 01:25:53', 0),
(514, 301, 48, 9, '37.00', '2019-05-07 01:25:53', 0),
(515, 302, 68, 6, '6.00', '2019-05-07 01:30:59', 0),
(516, 302, 49, 3, '33.00', '2019-05-07 01:30:59', 0),
(517, 303, 55, 1, '21.00', '2019-05-07 01:31:57', 0),
(518, 303, 18, 8, '70.50', '2019-05-07 01:31:57', 0),
(519, 304, 31, 4, '22.00', '2019-05-07 03:27:46', 0),
(520, 304, 68, 1, '6.00', '2019-05-07 03:27:46', 0),
(521, 304, 32, 1, '28.00', '2019-05-07 03:27:46', 0),
(522, 304, 33, 4, '20.00', '2019-05-07 03:27:46', 0),
(523, 304, 67, 3, '5.00', '2019-05-07 03:27:46', 0),
(524, 305, 55, 4, '21.00', '2019-05-07 03:29:08', 0),
(525, 305, 61, 1, '20.00', '2019-05-07 03:29:08', 0),
(526, 305, 23, 4, '25.00', '2019-05-07 03:29:08', 0),
(527, 306, 68, 1, '6.00', '2019-05-07 04:21:46', 0),
(528, 306, 55, 13, '21.00', '2019-05-07 04:21:46', 0),
(529, 307, 52, 6, '31.00', '2019-05-07 04:24:02', 0),
(530, 307, 53, 6, '34.00', '2019-05-07 04:24:02', 0),
(531, 308, 42, 5, '30.00', '2019-05-07 04:26:44', 0),
(532, 309, 40, 6, '22.00', '2019-05-07 10:07:19', 0),
(533, 309, 61, 3, '20.00', '2019-05-07 10:07:19', 0),
(534, 309, 24, 2, '20.00', '2019-05-07 10:07:19', 0),
(535, 309, 32, 1, '28.00', '2019-05-07 10:07:19', 0),
(536, 309, 48, 2, '37.00', '2019-05-07 10:07:19', 0),
(537, 310, 40, 1, '22.00', '2019-05-07 10:08:27', 0),
(538, 310, 42, 4, '30.00', '2019-05-07 10:08:27', 0),
(539, 310, 41, 2, '24.00', '2019-05-07 10:08:27', 0),
(540, 310, 54, 1, '31.00', '2019-05-07 10:08:27', 0),
(541, 310, 64, 1, '45.00', '2019-05-07 10:08:27', 0),
(542, 311, 26, 3, '14.00', '2019-05-07 10:17:54', 0),
(543, 311, 35, 3, '14.00', '2019-05-07 10:17:54', 0),
(544, 311, 39, 4, '18.00', '2019-05-07 10:17:54', 0),
(545, 311, 37, 2, '16.00', '2019-05-07 10:17:54', 0),
(546, 311, 58, 1, '30.00', '2019-05-07 10:17:54', 0),
(547, 312, 42, 2, '30.00', '2019-05-07 11:38:29', 0),
(548, 312, 47, 2, '24.00', '2019-05-07 11:38:29', 0),
(549, 313, 61, 2, '20.00', '2019-05-07 11:39:57', 0),
(550, 313, 48, 2, '37.00', '2019-05-07 11:39:57', 0),
(551, 313, 67, 2, '5.00', '2019-05-07 11:39:57', 0),
(552, 314, 68, 3, '6.00', '2019-05-07 11:41:47', 0),
(553, 315, 61, 1, '20.00', '2019-05-07 11:42:19', 0),
(554, 315, 18, 1, '70.50', '2019-05-07 11:42:20', 0),
(555, 316, 32, 1, '28.00', '2019-05-07 11:42:32', 0),
(556, 317, 58, 2, '30.00', '2019-05-07 11:42:44', 0),
(557, 318, 60, 1, '40.00', '2019-05-07 11:54:45', 0),
(558, 318, 36, 1, '11.00', '2019-05-07 11:54:45', 0),
(559, 318, 69, 1, '4.50', '2019-05-07 11:54:45', 0),
(560, 319, 60, 1, '40.00', '2019-05-07 11:54:57', 0),
(561, 319, 36, 1, '11.00', '2019-05-07 11:54:57', 0),
(562, 319, 34, 5, '13.00', '2019-05-07 11:54:57', 0),
(563, 319, 51, 2, '35.00', '2019-05-07 11:54:57', 0),
(564, 320, 42, 1, '30.00', '2019-05-07 11:55:08', 0),
(565, 320, 54, 1, '31.00', '2019-05-07 11:55:08', 0),
(566, 321, 49, 4, '33.00', '2019-05-07 11:55:13', 0),
(567, 321, 55, 1, '21.00', '2019-05-07 11:55:13', 0),
(568, 322, 36, 1, '11.00', '2019-05-07 14:30:26', 0),
(569, 322, 68, 1, '6.00', '2019-05-07 14:30:26', 0),
(570, 323, 31, 1, '22.00', '2019-05-07 14:31:20', 0),
(571, 324, 69, 21, '4.50', '2019-05-07 19:07:37', 0),
(572, 324, 57, 7, '2.00', '2019-05-07 19:07:37', 0),
(573, 324, 49, 29, '33.00', '2019-05-07 19:07:37', 0),
(574, 325, 60, 6, '40.00', '2019-05-07 22:51:13', 0),
(575, 326, 60, 5, '40.00', '2019-05-07 23:35:55', 0),
(576, 326, 58, 8, '30.00', '2019-05-07 23:35:55', 0),
(577, 327, 49, 5, '33.00', '2019-05-07 23:39:00', 0),
(578, 328, 32, 7, '28.00', '2019-05-08 01:17:55', 0),
(579, 328, 55, 6, '21.00', '2019-05-08 01:17:55', 0),
(580, 328, 26, 6, '14.00', '2019-05-08 01:17:55', 0),
(581, 329, 60, 7, '40.00', '2019-05-08 01:18:41', 0),
(582, 330, 47, 5, '24.00', '2019-05-08 03:46:35', 0),
(583, 331, 60, 1, '40.00', '2019-05-08 03:52:01', 0),
(584, 332, 37, 5, '16.00', '2019-05-08 03:53:16', 0),
(585, 333, 23, 1, '25.00', '2019-05-08 03:53:42', 0),
(586, 334, 69, 18, '4.50', '2019-05-08 03:54:33', 0),
(587, 335, 67, 1, '5.00', '2019-05-08 03:56:32', 0),
(588, 336, 43, 12, '32.00', '2019-05-08 04:05:42', 0),
(589, 337, 52, 10, '31.50', '2019-05-08 04:51:12', 0),
(590, 337, 53, 5, '34.00', '2019-05-08 04:51:12', 0),
(591, 337, 48, 7, '37.00', '2019-05-08 04:51:12', 0),
(592, 337, 23, 1, '25.00', '2019-05-08 04:51:12', 0),
(593, 338, 68, 5, '6.00', '2019-05-08 04:53:47', 0),
(594, 338, 31, 5, '22.00', '2019-05-08 04:53:47', 0),
(595, 338, 58, 3, '30.00', '2019-05-08 04:53:47', 0),
(596, 338, 69, 4, '4.50', '2019-05-08 04:53:47', 0),
(597, 339, 40, 3, '22.00', '2019-05-08 04:54:56', 0),
(598, 339, 42, 5, '30.00', '2019-05-08 04:54:56', 0),
(599, 339, 43, 5, '32.00', '2019-05-08 04:54:56', 0),
(600, 339, 54, 2, '31.00', '2019-05-08 04:54:56', 0),
(601, 340, 48, 2, '37.00', '2019-05-08 04:56:26', 0),
(602, 340, 26, 3, '14.00', '2019-05-08 04:56:26', 0),
(603, 340, 44, 3, '27.00', '2019-05-08 04:56:26', 0),
(604, 340, 39, 6, '18.00', '2019-05-08 04:56:26', 0),
(605, 341, 32, 4, '28.00', '2019-05-08 04:57:53', 0),
(606, 342, 56, 2, '5.00', '2019-05-08 10:11:25', 0),
(607, 342, 18, 2, '70.50', '2019-05-08 10:11:25', 0),
(608, 342, 51, 2, '35.00', '2019-05-08 10:11:25', 0),
(609, 342, 43, 3, '32.00', '2019-05-08 10:11:25', 0),
(610, 343, 36, 1, '11.00', '2019-05-08 10:47:50', 0),
(611, 343, 58, 1, '30.00', '2019-05-08 10:47:50', 0),
(612, 344, 42, 6, '30.00', '2019-05-08 11:00:50', 0),
(613, 344, 67, 4, '5.00', '2019-05-08 11:00:50', 0),
(614, 344, 52, 5, '31.50', '2019-05-08 11:00:50', 0),
(615, 345, 48, 3, '37.00', '2019-05-08 11:24:52', 0),
(616, 345, 53, 1, '34.00', '2019-05-08 11:24:52', 0),
(617, 346, 35, 2, '14.00', '2019-05-08 11:25:18', 0),
(618, 346, 24, 1, '20.00', '2019-05-08 11:25:18', 0),
(619, 347, 47, 1, '24.00', '2019-05-08 11:25:46', 0),
(620, 348, 43, 4, '32.00', '2019-05-08 11:26:07', 0),
(621, 348, 64, 1, '45.00', '2019-05-08 11:26:07', 0),
(622, 349, 55, 5, '21.00', '2019-05-08 11:27:26', 0),
(623, 350, 58, 1, '30.00', '2019-05-08 13:42:53', 0),
(624, 351, 57, 4, '2.00', '2019-05-08 13:50:30', 0),
(625, 352, 60, 5, '40.00', '2019-05-08 15:01:47', 0),
(626, 353, 60, 1, '40.00', '2019-05-08 15:35:45', 0),
(627, 354, 60, 2, '40.00', '2019-05-08 15:37:12', 0),
(628, 355, 51, 4, '35.00', '2019-05-08 15:38:22', 0),
(629, 355, 23, 4, '25.00', '2019-05-08 15:38:22', 0),
(630, 356, 43, 3, '32.00', '2019-05-08 15:39:03', 0),
(631, 357, 60, 6, '40.00', '2019-05-08 18:12:25', 0),
(632, 357, 68, 5, '6.00', '2019-05-08 18:12:25', 0),
(633, 357, 49, 5, '33.00', '2019-05-08 18:12:25', 0),
(634, 357, 51, 7, '35.00', '2019-05-08 18:12:25', 0),
(635, 358, 38, 9, '16.00', '2019-05-08 18:13:33', 0),
(636, 358, 48, 5, '37.00', '2019-05-08 18:13:33', 0),
(637, 358, 53, 43, '34.00', '2019-05-08 18:13:33', 0),
(638, 359, 60, 4, '40.00', '2019-05-08 19:16:09', 0),
(639, 359, 55, 2, '21.00', '2019-05-08 19:16:09', 0),
(640, 360, 55, 1, '21.00', '2019-05-08 22:02:34', 0),
(641, 361, 69, 1, '4.50', '2019-05-08 22:03:48', 0),
(642, 362, 60, 4, '40.00', '2019-05-08 22:25:58', 0),
(643, 362, 51, 3, '35.00', '2019-05-08 22:25:58', 0),
(644, 363, 55, 5, '21.00', '2019-05-08 22:26:16', 0),
(645, 364, 57, 4, '2.00', '2019-05-08 22:43:30', 0),
(646, 365, 48, 6, '37.00', '2019-05-08 23:04:19', 0),
(647, 366, 34, 2, '13.00', '2019-05-08 23:24:27', 0),
(648, 367, 60, 2, '40.00', '2019-05-09 00:01:28', 0),
(649, 368, 60, 4, '40.00', '2019-05-09 00:23:16', 0),
(650, 369, 60, 1, '40.00', '2019-05-09 03:00:48', 0),
(651, 370, 37, 4, '16.00', '2019-05-09 03:45:20', 0),
(652, 371, 26, 4, '14.00', '2019-05-09 03:45:59', 0),
(653, 372, 32, 2, '28.00', '2019-05-09 11:57:07', 0),
(654, 373, 60, 2, '40.00', '2019-05-09 12:34:02', 0),
(655, 374, 24, 4, '20.00', '2019-05-09 12:34:35', 0),
(656, 374, 37, 3, '16.00', '2019-05-09 12:34:35', 0),
(657, 374, 18, 1, '70.50', '2019-05-09 12:34:35', 0),
(658, 375, 37, 2, '16.00', '2019-05-09 23:30:33', 0),
(659, 376, 18, 3, '70.50', '2019-05-09 23:32:26', 0),
(660, 377, 36, 2, '11.00', '2019-05-10 01:10:44', 0),
(661, 378, 18, 2, '70.50', '2019-05-10 02:43:40', 0),
(662, 379, 60, 33, '40.00', '2019-05-10 02:44:54', 0),
(663, 380, 37, 3, '16.00', '2019-05-10 03:18:14', 0),
(664, 381, 26, 18, '14.00', '2019-05-10 03:23:32', 0),
(665, 381, 40, 4, '22.00', '2019-05-10 03:23:32', 0),
(666, 381, 48, 8, '37.00', '2019-05-10 03:23:32', 0),
(667, 382, 57, 1, '2.00', '2019-05-10 03:57:10', 0),
(668, 383, 67, 2, '5.00', '2019-05-10 04:23:42', 0),
(669, 383, 55, 2, '21.00', '2019-05-10 04:23:42', 0),
(670, 384, 51, 4, '35.00', '2019-05-10 04:24:47', 0),
(671, 384, 52, 3, '31.50', '2019-05-10 04:24:47', 0),
(672, 384, 48, 2, '37.00', '2019-05-10 04:24:47', 0),
(673, 384, 38, 2, '16.00', '2019-05-10 04:24:47', 0),
(674, 385, 42, 2, '30.00', '2019-05-10 04:27:14', 0),
(675, 386, 36, 1, '11.00', '2019-05-10 10:15:44', 0),
(676, 387, 60, 1, '40.00', '2019-05-10 10:47:43', 0),
(677, 387, 51, 1, '35.00', '2019-05-10 10:47:43', 0),
(678, 388, 34, 2, '13.00', '2019-05-10 10:53:22', 0),
(679, 388, 18, 1, '70.50', '2019-05-10 10:53:22', 0),
(680, 389, 51, 4, '35.00', '2019-05-10 11:37:43', 0),
(681, 389, 48, 2, '37.00', '2019-05-10 11:37:43', 0),
(682, 390, 51, 2, '35.00', '2019-05-10 11:50:39', 0),
(683, 391, 47, 2, '24.00', '2019-05-10 14:54:39', 0),
(684, 391, 61, 2, '20.00', '2019-05-10 14:54:39', 0),
(685, 392, 37, 3, '16.00', '2019-05-10 14:57:41', 0),
(686, 393, 37, 2, '16.00', '2019-05-10 20:54:45', 0),
(687, 394, 37, 5, '16.00', '2019-05-10 21:54:10', 0),
(688, 395, 31, 8, '22.00', '2019-05-10 22:24:09', 0),
(689, 395, 67, 6, '5.00', '2019-05-10 22:24:09', 0),
(690, 395, 34, 2, '13.00', '2019-05-10 22:24:09', 0),
(691, 396, 40, 5, '22.00', '2019-05-11 00:09:19', 0),
(692, 397, 51, 5, '35.00', '2019-05-11 02:39:46', 0),
(693, 398, 34, 1, '13.00', '2019-05-11 03:05:45', 0),
(694, 399, 51, 2, '35.00', '2019-05-11 03:21:50', 0),
(695, 400, 64, 11, '45.00', '2019-05-11 03:32:26', 0),
(696, 401, 55, 1, '21.00', '2019-05-11 03:46:19', 0),
(697, 402, 35, 3, '14.00', '2019-05-11 04:33:24', 0),
(698, 402, 48, 1, '37.00', '2019-05-11 04:33:24', 0),
(699, 403, 41, 2, '24.00', '2019-05-11 11:06:51', 0),
(700, 404, 60, 1, '40.00', '2019-05-11 13:23:38', 0),
(701, 404, 34, 1, '13.00', '2019-05-11 13:23:38', 0),
(702, 405, 37, 1, '16.00', '2019-05-11 14:53:42', 0),
(703, 406, 57, 1, '2.00', '2019-05-11 14:57:25', 0),
(704, 407, 35, 1, '14.00', '2019-05-11 14:59:08', 0),
(705, 408, 57, 1, '2.00', '2019-05-11 15:09:07', 0),
(706, 409, 37, 5, '16.00', '2019-05-11 15:14:04', 0),
(707, 410, 18, 3, '70.50', '2019-05-11 15:16:34', 0),
(708, 411, 55, 2, '21.00', '2019-05-11 15:20:39', 0),
(709, 412, 67, 14, '5.00', '2019-05-11 15:23:01', 0),
(710, 413, 58, 13, '30.00', '2019-05-11 16:11:13', 0),
(711, 414, 50, 7, '28.00', '2019-05-11 18:08:39', 0),
(712, 414, 26, 6, '14.00', '2019-05-11 18:08:39', 0),
(713, 414, 68, 9, '6.00', '2019-05-11 18:08:39', 0),
(714, 415, 24, 8, '20.00', '2019-05-11 22:35:23', 0),
(715, 416, 37, 2, '16.00', '2019-05-12 00:22:12', 0),
(716, 416, 52, 1, '31.50', '2019-05-12 00:22:12', 0),
(717, 417, 36, 1, '11.00', '2019-05-12 00:24:36', 0),
(718, 418, 40, 6, '22.00', '2019-05-12 01:38:45', 0),
(719, 419, 37, 4, '16.00', '2019-05-12 01:51:35', 0),
(720, 420, 58, 7, '30.00', '2019-05-12 02:55:21', 0),
(721, 420, 51, 6, '35.00', '2019-05-12 02:55:21', 0),
(722, 421, 61, 7, '20.00', '2019-05-12 03:38:19', 0),
(723, 421, 40, 6, '22.00', '2019-05-12 03:38:19', 0),
(724, 422, 47, 1, '24.00', '2019-05-12 03:47:00', 0),
(725, 423, 69, 2, '4.50', '2019-05-12 03:49:11', 0),
(726, 423, 41, 1, '24.00', '2019-05-12 03:49:11', 0),
(727, 423, 26, 60, '14.00', '2019-05-12 03:49:11', 0),
(728, 423, 49, 20, '33.00', '2019-05-12 03:49:11', 0),
(729, 423, 32, 35, '28.00', '2019-05-12 03:49:11', 0),
(730, 423, 30, 20, '30.00', '2019-05-12 03:49:11', 0),
(731, 423, 33, 145, '20.00', '2019-05-12 03:49:11', 0),
(732, 423, 57, 75, '2.00', '2019-05-12 03:49:11', 0),
(733, 424, 26, 8, '14.00', '2019-05-12 15:18:48', 0),
(734, 425, 40, 1, '22.00', '2019-05-12 16:24:38', 0),
(735, 426, 61, 8, '20.00', '2019-05-12 18:03:21', 0),
(736, 427, 60, 10, '40.00', '2019-05-12 18:03:56', 0),
(737, 427, 52, 6, '31.50', '2019-05-12 18:03:56', 0),
(738, 428, 55, 3, '21.00', '2019-05-12 20:42:10', 0),
(739, 428, 18, 2, '70.50', '2019-05-12 20:42:10', 0),
(740, 428, 42, 1, '30.00', '2019-05-12 20:42:10', 0),
(741, 429, 38, 8, '16.00', '2019-05-12 20:59:43', 0),
(742, 430, 32, 89, '28.00', '2019-05-12 21:02:27', 0),
(743, 430, 40, 48, '22.00', '2019-05-12 21:02:27', 0),
(744, 430, 52, 6, '31.50', '2019-05-12 21:02:27', 0),
(745, 430, 50, 7, '28.00', '2019-05-12 21:02:27', 0),
(746, 431, 58, 1, '30.00', '2019-05-12 23:22:36', 0),
(747, 432, 47, 1, '24.00', '2019-05-12 23:58:05', 0),
(748, 433, 34, 1, '13.00', '2019-05-13 10:51:00', 0),
(749, 434, 36, 6, '11.00', '2019-05-13 12:50:12', 0),
(750, 435, 48, 6, '37.00', '2019-05-13 15:19:05', 0),
(751, 436, 51, 6, '35.00', '2019-05-13 15:33:51', 0),
(752, 436, 67, 6, '5.00', '2019-05-13 15:33:51', 0),
(753, 437, 36, 8, '11.00', '2019-05-13 18:30:30', 0),
(754, 438, 51, 7, '35.00', '2019-05-13 19:15:48', 0),
(755, 439, 60, 1, '40.00', '2019-05-13 20:43:19', 0),
(756, 439, 49, 3, '33.00', '2019-05-13 20:43:19', 0),
(757, 440, 38, 5, '16.00', '2019-05-13 22:13:43', 0),
(758, 440, 54, 5, '31.00', '2019-05-13 22:13:43', 0),
(759, 441, 40, 7, '22.00', '2019-05-13 22:14:42', 0),
(760, 441, 48, 5, '37.00', '2019-05-13 22:14:42', 0),
(761, 442, 60, 3, '40.00', '2019-05-13 22:16:27', 0),
(762, 443, 39, 6, '18.00', '2019-05-13 22:30:11', 0),
(763, 443, 26, 6, '14.00', '2019-05-13 22:30:11', 0),
(764, 444, 56, 3, '5.00', '2019-05-13 23:31:06', 0),
(765, 445, 42, 5, '30.00', '2019-05-14 02:07:57', 0),
(766, 446, 61, 7, '20.00', '2019-05-14 11:39:23', 0),
(767, 447, 52, 26, '31.50', '2019-05-14 13:55:05', 0),
(768, 447, 31, 5, '22.00', '2019-05-14 13:55:05', 0),
(769, 448, 36, 8, '11.00', '2019-05-14 17:44:06', 0),
(770, 449, 42, 9, '30.00', '2019-05-14 17:51:21', 0),
(771, 450, 42, 6, '30.00', '2019-05-14 21:52:14', 0),
(772, 451, 42, 2, '30.00', '2019-05-15 00:20:12', 0),
(773, 451, 57, 3, '2.00', '2019-05-15 00:20:12', 0),
(774, 451, 70, 1, '10.00', '2019-05-15 00:20:12', 0),
(775, 452, 36, 3, '11.00', '2019-05-15 00:21:40', 0),
(776, 453, 42, 60, '30.00', '2019-05-15 02:03:18', 0),
(777, 454, 57, 3, '2.00', '2019-05-15 10:26:23', 0),
(778, 454, 61, 2, '20.00', '2019-05-15 10:26:23', 0),
(779, 455, 60, 10, '40.00', '2019-05-15 13:26:21', 0),
(780, 455, 70, 4, '10.00', '2019-05-15 13:26:21', 0),
(781, 456, 26, 12, '14.00', '2019-05-15 16:59:24', 0),
(782, 457, 40, 1, '22.00', '2019-05-15 22:27:51', 0),
(783, 458, 36, 1, '11.00', '2019-05-15 23:59:14', 0),
(784, 459, 60, 1, '40.00', '2019-05-16 00:03:15', 0),
(785, 460, 60, 6, '40.00', '2019-05-16 00:53:47', 0),
(786, 460, 53, 9, '34.00', '2019-05-16 00:53:47', 0),
(787, 461, 60, 6, '40.00', '2019-05-16 01:05:19', 0),
(788, 462, 26, 30, '14.00', '2019-05-16 01:15:36', 0),
(789, 463, 73, 6, '19.00', '2019-05-16 03:19:16', 0),
(790, 463, 75, 25, '41.00', '2019-05-16 03:19:16', 0),
(791, 463, 74, 20, '31.00', '2019-05-16 03:19:16', 0),
(792, 463, 72, 48, '22.00', '2019-05-16 03:19:16', 0),
(793, 463, 50, 23, '28.00', '2019-05-16 03:19:16', 0),
(794, 464, 75, 2, '41.00', '2019-05-16 03:20:54', 0),
(795, 464, 72, 4, '22.00', '2019-05-16 03:20:54', 0),
(796, 464, 76, 5, '3.00', '2019-05-16 03:20:54', 0),
(797, 465, 48, 3, '37.00', '2019-05-16 03:22:45', 0),
(798, 466, 40, 1, '22.00', '2019-05-16 10:48:20', 0),
(799, 466, 31, 3, '22.00', '2019-05-16 10:48:20', 0),
(800, 467, 61, 27, '20.00', '2019-05-16 12:13:25', 0),
(801, 467, 46, 1, '17.00', '2019-05-16 12:13:25', 0),
(802, 468, 72, 6, '22.00', '2019-05-16 14:05:52', 0),
(803, 469, 56, 6, '5.00', '2019-05-16 15:00:11', 0),
(804, 470, 31, 25, '22.00', '2019-05-16 17:51:09', 0),
(805, 470, 32, 23, '28.00', '2019-05-16 17:51:09', 0),
(806, 470, 57, 19, '2.00', '2019-05-16 17:51:09', 0),
(807, 470, 33, 14, '20.00', '2019-05-16 17:51:09', 0),
(808, 471, 73, 3, '19.00', '2019-05-16 17:51:24', 0),
(809, 472, 55, 11, '21.00', '2019-05-16 19:17:05', 0),
(810, 473, 47, 2, '24.00', '2019-05-16 22:10:26', 0),
(811, 474, 30, 1, '30.00', '2019-05-16 22:11:24', 0),
(812, 474, 18, 2, '70.50', '2019-05-16 22:11:24', 0),
(813, 475, 49, 7, '33.00', '2019-05-16 22:20:08', 0),
(814, 476, 26, 7, '14.00', '2019-05-16 22:36:27', 0),
(815, 477, 36, 7, '11.00', '2019-05-16 22:38:30', 0),
(816, 478, 42, 5, '30.00', '2019-05-16 22:39:35', 0),
(817, 479, 36, 13, '11.00', '2019-05-16 22:41:03', 0),
(818, 480, 72, 1, '22.00', '2019-05-16 22:41:35', 0),
(819, 481, 40, 8, '22.00', '2019-05-16 22:47:40', 0),
(820, 482, 58, 1, '30.00', '2019-05-16 23:54:53', 0),
(821, 483, 60, 4, '40.00', '2019-05-17 00:13:02', 0),
(822, 483, 73, 25, '19.00', '2019-05-17 00:13:02', 0),
(823, 484, 36, 6, '11.00', '2019-05-17 02:37:09', 0),
(824, 485, 40, 6, '22.00', '2019-05-17 03:26:20', 0),
(825, 486, 37, 4, '16.00', '2019-05-17 10:14:58', 0),
(826, 487, 52, 4, '31.50', '2019-05-17 10:49:38', 0),
(827, 488, 58, 6, '30.00', '2019-05-17 10:50:04', 0),
(828, 489, 52, 1, '31.50', '2019-05-17 13:04:42', 0),
(829, 489, 69, 1, '4.50', '2019-05-17 13:04:42', 0),
(830, 490, 43, 5, '32.00', '2019-05-17 13:12:51', 0),
(831, 491, 36, 6, '11.00', '2019-05-17 13:13:11', 0),
(832, 492, 18, 5, '70.50', '2019-05-17 13:38:24', 0),
(833, 493, 40, 7, '22.00', '2019-05-17 14:26:36', 0),
(834, 494, 75, 18, '41.00', '2019-05-17 17:25:19', 0),
(835, 494, 31, 10, '22.00', '2019-05-17 17:25:19', 0),
(836, 494, 57, 6, '2.00', '2019-05-17 17:25:19', 0),
(837, 494, 32, 11, '28.00', '2019-05-17 17:25:19', 0),
(838, 494, 33, 25, '20.00', '2019-05-17 17:25:19', 0),
(839, 495, 57, 41, '2.00', '2019-05-17 20:12:10', 0),
(840, 496, 40, 6, '22.00', '2019-05-17 20:32:51', 0),
(841, 497, 40, 6, '22.00', '2019-05-18 02:01:26', 0),
(842, 498, 52, 7, '31.50', '2019-05-18 04:01:01', 0),
(843, 498, 47, 14, '24.00', '2019-05-18 04:01:01', 0),
(844, 499, 51, 2, '35.00', '2019-05-18 12:46:10', 0),
(845, 499, 61, 2, '20.00', '2019-05-18 12:46:10', 0),
(846, 500, 40, 1, '22.00', '2019-05-18 12:50:28', 0),
(847, 500, 68, 1, '6.00', '2019-05-18 12:50:28', 0),
(848, 501, 55, 1, '21.00', '2019-05-18 12:53:58', 0),
(849, 502, 40, 7, '22.00', '2019-05-18 13:07:14', 0),
(850, 503, 47, 10, '24.00', '2019-05-18 13:08:34', 0),
(851, 504, 32, 2, '28.00', '2019-05-18 13:10:17', 0),
(852, 504, 26, 7, '14.00', '2019-05-18 13:10:17', 0),
(853, 504, 76, 19, '3.00', '2019-05-18 13:10:17', 0),
(854, 505, 45, 7, '35.00', '2019-05-18 13:35:25', 0),
(855, 506, 43, 5, '32.00', '2019-05-19 12:01:07', 0),
(856, 506, 72, 19, '22.00', '2019-05-19 12:01:07', 0),
(857, 507, 40, 10, '22.00', '2019-05-19 13:10:04', 0),
(858, 508, 74, 6, '31.00', '2019-05-19 15:30:31', 0),
(859, 509, 49, 5, '33.00', '2019-05-19 15:43:27', 0),
(860, 509, 68, 4, '6.00', '2019-05-19 15:43:27', 0),
(861, 510, 53, 5, '34.00', '2019-05-19 16:41:28', 0),
(862, 511, 38, 8, '16.00', '2019-05-19 16:42:19', 0),
(863, 511, 45, 5, '35.00', '2019-05-19 16:42:19', 0),
(864, 512, 43, 5, '32.00', '2019-05-19 21:00:39', 0),
(865, 513, 42, 5, '30.00', '2019-05-20 03:39:33', 0),
(866, 514, 26, 1, '14.00', '2019-05-20 10:50:24', 0),
(867, 515, 75, 2, '41.00', '2019-05-20 13:09:32', 0),
(868, 516, 42, 21, '30.00', '2019-05-20 13:10:03', 0),
(869, 517, 43, 7, '32.00', '2019-05-20 16:00:00', 0),
(870, 518, 40, 4, '22.00', '2019-05-20 17:22:42', 0),
(871, 518, 39, 6, '18.00', '2019-05-20 17:22:42', 0),
(872, 519, 47, 3, '24.00', '2019-05-20 21:42:53', 0),
(873, 520, 40, 6, '22.00', '2019-05-21 12:56:20', 0),
(874, 521, 40, 4, '22.00', '2019-05-21 17:04:57', 0),
(875, 522, 50, 7, '28.00', '2019-05-21 18:48:39', 0),
(876, 523, 33, 1, '20.00', '2019-05-21 22:07:17', 0),
(877, 523, 34, 1, '13.00', '2019-05-21 22:07:17', 0),
(878, 523, 47, 1, '24.00', '2019-05-21 22:07:17', 0),
(879, 524, 40, 2, '22.00', '2019-05-22 02:53:56', 0),
(880, 525, 36, 1, '11.00', '2019-05-22 02:56:13', 0),
(881, 526, 55, 4, '21.00', '2019-05-22 03:12:56', 0),
(882, 526, 58, 5, '30.00', '2019-05-22 03:12:56', 0),
(883, 527, 57, 17, '2.00', '2019-05-22 03:17:14', 0),
(884, 528, 57, 7, '2.00', '2019-05-22 04:25:24', 0),
(885, 529, 57, 8, '2.00', '2019-05-22 04:25:58', 0),
(886, 529, 61, 5, '20.00', '2019-05-22 04:25:58', 0),
(887, 530, 47, 5, '24.00', '2019-05-22 10:24:06', 0),
(888, 530, 51, 3, '35.00', '2019-05-22 10:24:06', 0),
(889, 531, 36, 2, '11.00', '2019-05-22 11:08:13', 0),
(890, 532, 42, 2, '30.00', '2019-05-22 11:14:47', 0),
(891, 533, 58, 4, '30.00', '2019-05-22 12:02:52', 0),
(892, 533, 60, 3, '40.00', '2019-05-22 12:02:52', 0),
(893, 533, 47, 1, '24.00', '2019-05-22 12:02:52', 0),
(894, 533, 40, 4, '22.00', '2019-05-22 12:02:52', 0),
(895, 533, 50, 5, '28.00', '2019-05-22 12:02:52', 0),
(896, 534, 26, 7, '14.00', '2019-05-22 14:40:25', 0),
(897, 534, 18, 2, '70.50', '2019-05-22 14:40:25', 0),
(898, 535, 68, 5, '6.00', '2019-05-22 15:05:02', 0),
(899, 536, 58, 1, '30.00', '2019-05-22 15:19:24', 0),
(900, 537, 43, 2, '32.00', '2019-05-22 16:38:43', 0),
(901, 538, 36, 4, '11.00', '2019-05-22 18:07:46', 0),
(902, 538, 18, 5, '70.50', '2019-05-22 18:07:46', 0),
(903, 539, 40, 16, '22.00', '2019-05-22 19:27:06', 0),
(904, 540, 73, 1, '19.00', '2019-05-22 22:41:51', 0),
(905, 540, 36, 4, '11.00', '2019-05-22 22:41:51', 0),
(906, 540, 78, 11, '97.00', '2019-05-22 22:41:51', 0),
(907, 541, 78, 11, '97.00', '2019-05-22 22:43:50', 0);

-- --------------------------------------------------------

--
-- Estrutura para tabela `tbUsers`
--

DROP TABLE IF EXISTS `tbUsers`;
CREATE TABLE `tbUsers` (
  `idUser` int(11) NOT NULL,
  `idCompany` int(11) NOT NULL,
  `desLogin` varchar(45) NOT NULL,
  `desPassword` varchar(45) NOT NULL,
  `dtRegister` datetime NOT NULL DEFAULT current_timestamp(),
  `isDeleted` tinyint(4) NOT NULL DEFAULT 0
) ENGINE=InnoDB DEFAULT CHARSET=utf8;

--
-- Despejando dados para a tabela `tbUsers`
--

INSERT INTO `tbUsers` (`idUser`, `idCompany`, `desLogin`, `desPassword`, `dtRegister`, `isDeleted`) VALUES
(1, 1, 'dev', 'a30c3ada16ecb5b34e49211bf06a4ec47e80d75d', '2019-04-01 21:44:28', 0),
(18, 1, 'maria', '40bd001563085fc35165329ea1ff5c5ecbdbbeef', '2019-04-04 13:57:00', 0),
(19, 1, 'neli', '7631047c2fb847aaf4962e7b895429056ffaf91b', '2019-04-04 17:35:09', 0),
(20, 1, 'csdf', 'ab0a9d53605d424611397d3795fdb294c1c29526', '2019-04-04 20:45:25', 0),
(21, 1, 'teste', '40bd001563085fc35165329ea1ff5c5ecbdbbeef', '2019-04-05 11:32:52', 0),
(22, 1, '1234567', '7c4a8d09ca3762af61e59520943dc26494f8941b', '2019-04-06 08:22:38', 0),
(23, 1, '222223', '3315b97d8efd01d64fe397d01963409ea6aa6a06', '2019-04-06 08:25:35', 0),
(24, 1, '23123132', '85fb9fc6ec34636068825b73feb70acdc6eac9ac', '2019-04-06 08:27:52', 0),
(25, 1, 'everaldo', '40bd001563085fc35165329ea1ff5c5ecbdbbeef', '2019-04-06 09:02:46', 0),
(26, 1, 'admin', 'd033e22ae348aeb5660fc2140aec35850c4da997', '2019-04-10 20:47:51', 0),
(27, 1, 'marlon', '7110eda4d09e062aa5e4a390b0a572ac0d2c0220', '2019-04-18 02:51:58', 0),
(28, 1, 'admin', '40bd001563085fc35165329ea1ff5c5ecbdbbeef', '2019-04-26 23:59:37', 0),
(29, 1, 'jj', '7323a5431d1c31072983a6a5bf23745b655ddf59', '2019-05-02 17:41:11', 0),
(30, 1, 'matai', '3682dbc5d405d265a4dcac29e9cc62734bbc6574', '2019-05-06 22:38:56', 0);

--
-- Índices de tabelas apagadas
--

--
-- Índices de tabela `tbBoards`
--
ALTER TABLE `tbBoards`
  ADD PRIMARY KEY (`idBoard`),
  ADD KEY `fk_tbMesas_tbEmpresas1_idx` (`idCompany`);

--
-- Índices de tabela `tbCompanies`
--
ALTER TABLE `tbCompanies`
  ADD PRIMARY KEY (`idCompany`);

--
-- Índices de tabela `tbDepartments`
--
ALTER TABLE `tbDepartments`
  ADD PRIMARY KEY (`idDepartment`),
  ADD KEY `fk_tbDepartamentos_tbEmpresas1_idx` (`idCompany`);

--
-- Índices de tabela `tbDevices`
--
ALTER TABLE `tbDevices`
  ADD PRIMARY KEY (`idDevice`),
  ADD KEY `FK1_companys` (`idCompany`),
  ADD KEY `FK2_boards` (`idBoard`);

--
-- Índices de tabela `tbEmployees`
--
ALTER TABLE `tbEmployees`
  ADD PRIMARY KEY (`idEmployee`),
  ADD KEY `fk_tbFuncionarios_tbDepartamentos1_idx` (`idDepartment`),
  ADD KEY `fk_tbFuncionarios_tbUsuarios1_idx` (`idUser`),
  ADD KEY `fkEtbEmployees_tbCompanies1_idx` (`idCompany`);

--
-- Índices de tabela `tbIngredients`
--
ALTER TABLE `tbIngredients`
  ADD PRIMARY KEY (`idIngredient`),
  ADD KEY `FK1_Ingredientes_company` (`idCompany`),
  ADD KEY `FK1_Ingredientes_measurement` (`idMeasurement`);

--
-- Índices de tabela `tbIngredientsProducts`
--
ALTER TABLE `tbIngredientsProducts`
  ADD PRIMARY KEY (`idIngredientProduct`),
  ADD KEY `FK1_ingredient_product_product` (`idProduct`),
  ADD KEY `FK2_ingredient_product_ingredient` (`idIngredient`);

--
-- Índices de tabela `tbMeasurements`
--
ALTER TABLE `tbMeasurements`
  ADD PRIMARY KEY (`idMeasurement`);

--
-- Índices de tabela `tbOrders`
--
ALTER TABLE `tbOrders`
  ADD PRIMARY KEY (`idOrder`),
  ADD KEY `fk_tbComandas_tbEmpresas1_idx` (`idCompany`),
  ADD KEY `fk_tbComandas_tbMesas1_idx` (`idBoard`),
  ADD KEY `fk_tbComandas_tbFuncionarios1_idx` (`idDevice`) USING BTREE;

--
-- Índices de tabela `tbPrivileges`
--
ALTER TABLE `tbPrivileges`
  ADD PRIMARY KEY (`idPrivilege`),
  ADD KEY `fkEtbPrivileges_tbEmployees1_idx` (`idEmployee`);

--
-- Índices de tabela `tbProducts`
--
ALTER TABLE `tbProducts`
  ADD PRIMARY KEY (`idProduct`),
  ADD KEY `fk_tbProdutos_tbCategoriasProdutos1_idx` (`idProductCategory`),
  ADD KEY `fk_tbProdutos_tbEmpresas1_idx` (`idCompany`);

--
-- Índices de tabela `tbProductsCategories`
--
ALTER TABLE `tbProductsCategories`
  ADD PRIMARY KEY (`idProductCategory`),
  ADD KEY `fk_tbProductsCategories_tbCompanies1_idx` (`idCompany`);

--
-- Índices de tabela `tbRequests`
--
ALTER TABLE `tbRequests`
  ADD PRIMARY KEY (`idRequest`),
  ADD KEY `fk_tbPedidos_tbComandas_idx` (`idOrder`);

--
-- Índices de tabela `tbRequestsProducts`
--
ALTER TABLE `tbRequestsProducts`
  ADD PRIMARY KEY (`idRequestProduct`),
  ADD KEY `fk_tbPedidos_has_tbProdutos_tbProdutos1_idx` (`idProduct`),
  ADD KEY `fk_tbPedidos_has_tbProdutos_tbPedidos1_idx` (`idRequest`);

--
-- Índices de tabela `tbUsers`
--
ALTER TABLE `tbUsers`
  ADD PRIMARY KEY (`idUser`),
  ADD KEY `fk_tbUsers_tbCompanies1_idx` (`idCompany`);

--
-- AUTO_INCREMENT de tabelas apagadas
--

--
-- AUTO_INCREMENT de tabela `tbBoards`
--
ALTER TABLE `tbBoards`
  MODIFY `idBoard` int(11) NOT NULL AUTO_INCREMENT, AUTO_INCREMENT=6;

--
-- AUTO_INCREMENT de tabela `tbCompanies`
--
ALTER TABLE `tbCompanies`
  MODIFY `idCompany` int(11) NOT NULL AUTO_INCREMENT, AUTO_INCREMENT=2;

--
-- AUTO_INCREMENT de tabela `tbDepartments`
--
ALTER TABLE `tbDepartments`
  MODIFY `idDepartment` int(11) NOT NULL AUTO_INCREMENT, AUTO_INCREMENT=4;

--
-- AUTO_INCREMENT de tabela `tbDevices`
--
ALTER TABLE `tbDevices`
  MODIFY `idDevice` int(11) NOT NULL AUTO_INCREMENT, AUTO_INCREMENT=6;

--
-- AUTO_INCREMENT de tabela `tbEmployees`
--
ALTER TABLE `tbEmployees`
  MODIFY `idEmployee` int(11) NOT NULL AUTO_INCREMENT, AUTO_INCREMENT=23;

--
-- AUTO_INCREMENT de tabela `tbIngredients`
--
ALTER TABLE `tbIngredients`
  MODIFY `idIngredient` int(11) NOT NULL AUTO_INCREMENT, AUTO_INCREMENT=14;

--
-- AUTO_INCREMENT de tabela `tbIngredientsProducts`
--
ALTER TABLE `tbIngredientsProducts`
  MODIFY `idIngredientProduct` int(11) NOT NULL AUTO_INCREMENT, AUTO_INCREMENT=9;

--
-- AUTO_INCREMENT de tabela `tbMeasurements`
--
ALTER TABLE `tbMeasurements`
  MODIFY `idMeasurement` int(11) NOT NULL AUTO_INCREMENT, AUTO_INCREMENT=9;

--
-- AUTO_INCREMENT de tabela `tbOrders`
--
ALTER TABLE `tbOrders`
  MODIFY `idOrder` int(11) NOT NULL AUTO_INCREMENT, AUTO_INCREMENT=572;

--
-- AUTO_INCREMENT de tabela `tbPrivileges`
--
ALTER TABLE `tbPrivileges`
  MODIFY `idPrivilege` int(11) NOT NULL AUTO_INCREMENT, AUTO_INCREMENT=13;

--
-- AUTO_INCREMENT de tabela `tbProducts`
--
ALTER TABLE `tbProducts`
  MODIFY `idProduct` int(11) NOT NULL AUTO_INCREMENT, AUTO_INCREMENT=79;

--
-- AUTO_INCREMENT de tabela `tbProductsCategories`
--
ALTER TABLE `tbProductsCategories`
  MODIFY `idProductCategory` int(11) NOT NULL AUTO_INCREMENT, AUTO_INCREMENT=16;

--
-- AUTO_INCREMENT de tabela `tbRequests`
--
ALTER TABLE `tbRequests`
  MODIFY `idRequest` int(11) NOT NULL AUTO_INCREMENT, AUTO_INCREMENT=542;

--
-- AUTO_INCREMENT de tabela `tbRequestsProducts`
--
ALTER TABLE `tbRequestsProducts`
  MODIFY `idRequestProduct` int(11) NOT NULL AUTO_INCREMENT, AUTO_INCREMENT=908;

--
-- AUTO_INCREMENT de tabela `tbUsers`
--
ALTER TABLE `tbUsers`
  MODIFY `idUser` int(11) NOT NULL AUTO_INCREMENT, AUTO_INCREMENT=31;

--
-- Restrições para dumps de tabelas
--

--
-- Restrições para tabelas `tbBoards`
--
ALTER TABLE `tbBoards`
  ADD CONSTRAINT `fk_tbMesas_tbEmpresas1` FOREIGN KEY (`idCompany`) REFERENCES `tbCompanies` (`idCompany`) ON DELETE NO ACTION ON UPDATE NO ACTION;

--
-- Restrições para tabelas `tbDepartments`
--
ALTER TABLE `tbDepartments`
  ADD CONSTRAINT `fk_tbDepartamentos_tbEmpresas1` FOREIGN KEY (`idCompany`) REFERENCES `tbCompanies` (`idCompany`) ON DELETE NO ACTION ON UPDATE NO ACTION;

--
-- Restrições para tabelas `tbDevices`
--
ALTER TABLE `tbDevices`
  ADD CONSTRAINT `FK1_companys` FOREIGN KEY (`idCompany`) REFERENCES `tbCompanies` (`idCompany`),
  ADD CONSTRAINT `FK2_boards` FOREIGN KEY (`idBoard`) REFERENCES `tbBoards` (`idBoard`) ON DELETE NO ACTION ON UPDATE NO ACTION;

--
-- Restrições para tabelas `tbEmployees`
--
ALTER TABLE `tbEmployees`
  ADD CONSTRAINT `fkEtbEmployees_tbCompanies1` FOREIGN KEY (`idCompany`) REFERENCES `tbCompanies` (`idCompany`) ON DELETE NO ACTION ON UPDATE NO ACTION,
  ADD CONSTRAINT `fk_tbFuncionarios_tbDepartamentos1` FOREIGN KEY (`idDepartment`) REFERENCES `tbDepartments` (`idDepartment`) ON DELETE NO ACTION ON UPDATE NO ACTION,
  ADD CONSTRAINT `fk_tbFuncionarios_tbUsuarios1` FOREIGN KEY (`idUser`) REFERENCES `tbUsers` (`idUser`) ON DELETE NO ACTION ON UPDATE NO ACTION;

--
-- Restrições para tabelas `tbIngredients`
--
ALTER TABLE `tbIngredients`
  ADD CONSTRAINT `FK1_Ingredientes_company` FOREIGN KEY (`idCompany`) REFERENCES `tbCompanies` (`idCompany`),
  ADD CONSTRAINT `FK1_Ingredientes_measurement` FOREIGN KEY (`idMeasurement`) REFERENCES `tbMeasurements` (`idMeasurement`);

--
-- Restrições para tabelas `tbIngredientsProducts`
--
ALTER TABLE `tbIngredientsProducts`
  ADD CONSTRAINT `FK1_ingredient_product_product` FOREIGN KEY (`idProduct`) REFERENCES `tbProducts` (`idProduct`),
  ADD CONSTRAINT `FK2_ingredient_product_ingredient` FOREIGN KEY (`idIngredient`) REFERENCES `tbIngredients` (`idIngredient`);

--
-- Restrições para tabelas `tbOrders`
--
ALTER TABLE `tbOrders`
  ADD CONSTRAINT `fk_tbComandas_tbEmpresas1` FOREIGN KEY (`idCompany`) REFERENCES `tbCompanies` (`idCompany`) ON DELETE NO ACTION ON UPDATE NO ACTION,
  ADD CONSTRAINT `fk_tbComandas_tbFuncionarios1` FOREIGN KEY (`idDevice`) REFERENCES `tbDevices` (`idDevice`) ON DELETE NO ACTION ON UPDATE NO ACTION,
  ADD CONSTRAINT `fk_tbComandas_tbMesas1` FOREIGN KEY (`idBoard`) REFERENCES `tbBoards` (`idBoard`) ON DELETE NO ACTION ON UPDATE NO ACTION;

--
-- Restrições para tabelas `tbPrivileges`
--
ALTER TABLE `tbPrivileges`
  ADD CONSTRAINT `fkEtbPrivileges_tbEmployees1` FOREIGN KEY (`idEmployee`) REFERENCES `tbEmployees` (`idEmployee`) ON DELETE NO ACTION ON UPDATE NO ACTION;

--
-- Restrições para tabelas `tbProducts`
--
ALTER TABLE `tbProducts`
  ADD CONSTRAINT `fk_tbProdutos_tbCategoriasProdutos1` FOREIGN KEY (`idProductCategory`) REFERENCES `tbProductsCategories` (`idProductCategory`) ON DELETE NO ACTION ON UPDATE NO ACTION,
  ADD CONSTRAINT `fk_tbProdutos_tbEmpresas1` FOREIGN KEY (`idCompany`) REFERENCES `tbCompanies` (`idCompany`) ON DELETE NO ACTION ON UPDATE NO ACTION;

--
-- Restrições para tabelas `tbProductsCategories`
--
ALTER TABLE `tbProductsCategories`
  ADD CONSTRAINT `fk_tbProductsCategories_tbCompanies1` FOREIGN KEY (`idCompany`) REFERENCES `tbCompanies` (`idCompany`) ON DELETE NO ACTION ON UPDATE NO ACTION;

--
-- Restrições para tabelas `tbRequests`
--
ALTER TABLE `tbRequests`
  ADD CONSTRAINT `fk_tbPedidos_tbComandas` FOREIGN KEY (`idOrder`) REFERENCES `tbOrders` (`idOrder`) ON DELETE NO ACTION ON UPDATE NO ACTION;

--
-- Restrições para tabelas `tbRequestsProducts`
--
ALTER TABLE `tbRequestsProducts`
  ADD CONSTRAINT `fk_tbPedidos_has_tbProdutos_tbPedidos1` FOREIGN KEY (`idRequest`) REFERENCES `tbRequests` (`idRequest`) ON DELETE NO ACTION ON UPDATE NO ACTION,
  ADD CONSTRAINT `fk_tbPedidos_has_tbProdutos_tbProdutos1` FOREIGN KEY (`idProduct`) REFERENCES `tbProducts` (`idProduct`) ON DELETE NO ACTION ON UPDATE NO ACTION;

--
-- Restrições para tabelas `tbUsers`
--
ALTER TABLE `tbUsers`
  ADD CONSTRAINT `fk_tbUsers_tbCompanies1` FOREIGN KEY (`idCompany`) REFERENCES `tbCompanies` (`idCompany`) ON DELETE NO ACTION ON UPDATE NO ACTION;
COMMIT;

/*!40101 SET CHARACTER_SET_CLIENT=@OLD_CHARACTER_SET_CLIENT */;
/*!40101 SET CHARACTER_SET_RESULTS=@OLD_CHARACTER_SET_RESULTS */;
/*!40101 SET COLLATION_CONNECTION=@OLD_COLLATION_CONNECTION */;
